TIMESTEP,SID1003MEAN(mm),SID1003MINIMUM(mm),SID1003MAXIMUM(mm),SID1003VARIANCE(mm^2),SID1003STD_DEV(mm),SID1003SUM,SID1003COUNT
1896-01-01T00:00:00Z,257.59177,0,736.3,33636.445,183.40242,10038.188,10571
1896-02-01T00:00:00Z,7.160487,0,255.90001,586.1018,24.20954,10038.188,10571
1896-03-01T00:00:00Z,10.657395,0,326.1,1445.3441,38.01768,10038.188,10571
1896-04-01T00:00:00Z,135.69398,0,523.10004,15769.708,125.5775,10038.188,10571
1896-05-01T00:00:00Z,38.165726,0,983.5,13281.668,115.24612,10038.188,10571
1896-06-01T00:00:00Z,1.0680016,0,667.5,430.37637,20.745514,10038.188,10571
1896-07-01T00:00:00Z,0,0,0,0,0,10038.188,10571
1896-08-01T00:00:00Z,0,0,0,0,0,10038.188,10571
1896-09-01T00:00:00Z,0,0,0,0,0,10038.188,10571
1896-10-01T00:00:00Z,0.001465864,0,11.3,0.016310085,0.12771094,10038.188,10571
1896-11-01T00:00:00Z,154.20567,0,586.2,18252.465,135.10168,10038.188,10571
1896-12-01T00:00:00Z,206.44301,0,572.60004,21388.092,146.24669,10038.188,10571
1897-01-01T00:00:00Z,1.1427726,0,102.3,44.725918,6.6877437,10038.188,10571
1897-02-01T00:00:00Z,180.53685,0,610.7,19487.664,139.59822,10038.188,10571
1897-03-01T00:00:00Z,85.43896,0,377.9,6863.189,82.84437,10038.188,10571
1897-04-01T00:00:00Z,31.650455,0,587.2,8884.61,94.25821,10038.188,10571
1897-05-01T00:00:00Z,9.918688,0,1132,5994.51,77.42422,10038.188,10571
1897-06-01T00:00:00Z,0.020589922,0,90,1.5552263,1.2470871,10038.188,10571
1897-07-01T00:00:00Z,0,0,0,0,0,10038.188,10571
1897-08-01T00:00:00Z,0,0,0,0,0,10038.188,10571
1897-09-01T00:00:00Z,0,0,0,0,0,10038.188,10571
1897-10-01T00:00:00Z,0.055536702,0,54.600002,2.0805295,1.442404,10038.188,10571
1897-11-01T00:00:00Z,152.97028,0,675.10004,22182.219,148.93697,10038.188,10571
1897-12-01T00:00:00Z,43.30553,0,301.9,3147.9302,56.10642,10038.188,10571
1898-01-01T00:00:00Z,1.7269952,0,147.6,104.09798,10.202842,10038.188,10571
1898-02-01T00:00:00Z,205.6981,0,741.3,30031.484,173.29594,10038.188,10571
1898-03-01T00:00:00Z,3.6768506,0,218.2,336.43732,18.342228,10038.188,10571
1898-04-01T00:00:00Z,6.2329373,0,590.9,1856.1493,43.08305,10038.188,10571
1898-05-01T00:00:00Z,1.6335624,0,696.60004,680.83264,26.09277,10038.188,10571
1898-06-01T00:00:00Z,0,0,0,0,0,10038.188,10571
1898-07-01T00:00:00Z,0,0,0,0,0,10038.188,10571
1898-08-01T00:00:00Z,0,0,0,0,0,10038.188,10571
1898-09-01T00:00:00Z,0,0,0,0,0,10038.188,10571
1898-10-01T00:00:00Z,0,0,0,0,0,10038.188,10571
1898-11-01T00:00:00Z,47.034657,0,390.5,4610.1396,67.89801,10038.188,10571
1898-12-01T00:00:00Z,8.389715,0,156.6,493.10065,22.20587,10038.188,10571
1899-01-01T00:00:00Z,85.955025,0,326.9,6616.9604,81.3447,10038.188,10571
1899-02-01T00:00:00Z,143.26404,0,624.8,20547.707,143.34471,10038.188,10571
1899-03-01T00:00:00Z,43.790627,0,360,4401.3467,66.34264,10038.188,10571
1899-04-01T00:00:00Z,8.883611,0,472.2,2117.7446,46.01896,10038.188,10571
1899-05-01T00:00:00Z,3.2931826,0,686,1352.2352,36.77275,10038.188,10571
1899-06-01T00:00:00Z,0.07590976,0,178.8,10.461779,3.2344673,10038.188,10571
1899-07-01T00:00:00Z,0,0,0,0,0,10038.188,10571
1899-08-01T00:00:00Z,0,0,0,0,0,10038.188,10571
1899-09-01T00:00:00Z,0,0,0,0,0,10038.188,10571
1899-10-01T00:00:00Z,3.9138646,0,230.1,255.93567,15.99799,10038.188,10571
1899-11-01T00:00:00Z,358.67883,0,1001.2,49109.734,221.60716,10038.188,10571
1899-12-01T00:00:00Z,145.42986,0,464.2,14217.862,119.23868,10038.188,10571
1900-01-01T00:00:00Z,53.697834,0,355.2,4997.945,70.696144,10038.188,10571
1900-02-01T00:00:00Z,35.75287,0,276.80002,2762.7654,52.562016,10038.188,10571
1900-03-01T00:00:00Z,9.5252695,0,415.1,1552.5037,39.401825,10038.188,10571
1900-04-01T00:00:00Z,2.3202302,0,461.6,581.04675,24.104912,10038.188,10571
1900-05-01T00:00:00Z,0.58041453,0,414.7,155.05339,12.452044,10038.188,10571
1900-06-01T00:00:00Z,0,0,0,0,0,10038.188,10571
1900-07-01T00:00:00Z,0,0,0,0,0,10038.188,10571
1900-08-01T00:00:00Z,0,0,0,0,0,10038.188,10571
1900-09-01T00:00:00Z,0,0,0,0,0,10038.188,10571
1900-10-01T00:00:00Z,15.299763,0,317.9,1384.2092,37.204964,10038.188,10571
1900-11-01T00:00:00Z,2.474123,0,125.4,128.93176,11.354813,10038.188,10571
1900-12-01T00:00:00Z,30.436794,0,248.40001,2152.7283,46.397503,10038.188,10571
1901-01-01T00:00:00Z,107.355095,0,442.80002,10752.658,103.69503,10038.188,10571
1901-02-01T00:00:00Z,134.45215,0,518,15832.357,125.8267,10038.188,10571
1901-03-01T00:00:00Z,59.52997,0,523.8,11462.467,107.06291,10038.188,10571
1901-04-01T00:00:00Z,11.191604,0,476.1,2602.807,51.01771,10038.188,10571
1901-05-01T00:00:00Z,3.495207,0,850.8,1503.4248,38.77402,10038.188,10571
1901-06-01T00:00:00Z,0,0,0,0,0,10038.188,10571
1901-07-01T00:00:00Z,0,0,0,0,0,10038.188,10571
1901-08-01T00:00:00Z,0,0,0,0,0,10038.188,10571
1901-09-01T00:00:00Z,0.09303366,0,77,5.649366,2.3768394,10038.188,10571
1901-10-01T00:00:00Z,0.04290156,0,45.3,1.612661,1.2699059,10038.188,10571
1901-11-01T00:00:00Z,32.86054,0,300.7,2406.91,49.06027,10038.188,10571
1901-12-01T00:00:00Z,52.001884,0,307.4,4487.967,66.99229,10038.188,10571
1902-01-01T00:00:00Z,5.9159484,0,166.90001,322.89526,17.969286,10038.188,10571
1902-02-01T00:00:00Z,543.9582,0,1390,76732.36,277.00607,10038.188,10571
1902-03-01T00:00:00Z,93.6507,0,464.4,9504.156,97.489265,10038.188,10571
1902-04-01T00:00:00Z,22.047222,0,577.5,5373.501,73.30417,10038.188,10571
1902-05-01T00:00:00Z,9.315145,0,933.5,4596.052,67.79419,10038.188,10571
1902-06-01T00:00:00Z,0.25841692,0,340.6,57.817673,7.6037936,10038.188,10571
1902-07-01T00:00:00Z,0,0,0,0,0,10038.188,10571
1902-08-01T00:00:00Z,0,0,0,0,0,10038.188,10571
1902-09-01T00:00:00Z,0,0,0,0,0,10038.188,10571
1902-10-01T00:00:00Z,0,0,0,0,0,10038.188,10571
1902-11-01T00:00:00Z,245.6628,0,704.7,33007.82,181.68054,10038.188,10571
1902-12-01T00:00:00Z,245.70891,0,716.60004,27672.139,166.34944,10038.188,10571
1903-01-01T00:00:00Z,255.44708,0,789.3,32794.297,181.09195,10038.188,10571
1903-02-01T00:00:00Z,0.8466757,0,99.8,38.286842,6.1876364,10038.188,10571
1903-03-01T00:00:00Z,77.159256,0,461.4,10540.916,102.66896,10038.188,10571
1903-04-01T00:00:00Z,22.146833,0,498.1,5694.8984,75.46455,10038.188,10571
1903-05-01T00:00:00Z,17.892221,0,1083.8,10082.562,100.41196,10038.188,10571
1903-06-01T00:00:00Z,1.096014,0,715.3,459.5987,21.438253,10038.188,10571
1903-07-01T00:00:00Z,0,0,0,0,0,10038.188,10571
1903-08-01T00:00:00Z,0,0,0,0,0,10038.188,10571
1903-09-01T00:00:00Z,0,0,0,0,0,10038.188,10571
1903-10-01T00:00:00Z,0.060039174,0,66.8,3.242142,1.8005948,10038.188,10571
1903-11-01T00:00:00Z,298.01627,0,1014.3,43745.445,209.15411,10038.188,10571
1903-12-01T00:00:00Z,3.4811964,0,147.90001,170.2342,13.047383,10038.188,10571
1904-01-01T00:00:00Z,112.86471,0,653.60004,17567.406,132.54208,10038.188,10571
1904-02-01T00:00:00Z,436.2086,0,1009.3,51691.61,227.35788,10038.188,10571
1904-03-01T00:00:00Z,446.44226,0,1095.6,54716.508,233.9156,10038.188,10571
1904-04-01T00:00:00Z,36.27716,0,619.2,11515.868,107.31201,10038.188,10571
1904-05-01T00:00:00Z,25.34335,0,1115.5,15242.759,123.46157,10038.188,10571
1904-06-01T00:00:00Z,2.00857,0,942.60004,1094.1932,33.07859,10038.188,10571
1904-07-01T00:00:00Z,0,0,0,0,0,10038.188,10571
1904-08-01T00:00:00Z,0,0,0,0,0,10038.188,10571
1904-09-01T00:00:00Z,0,0,0,0,0,10038.188,10571
1904-10-01T00:00:00Z,0.009464113,0,18.6,0.10960901,0.3310725,10038.188,10571
1904-11-01T00:00:00Z,30.981604,0,303.5,2378.434,48.76919,10038.188,10571
1904-12-01T00:00:00Z,154.41089,0,513.3,14758.017,121.482574,10038.188,10571
1905-01-01T00:00:00Z,25.612741,0,208.90001,1690.1504,41.11144,10038.188,10571
1905-02-01T00:00:00Z,0.26654354,0,92.5,13.52699,3.6779058,10038.188,10571
1905-03-01T00:00:00Z,91.424385,0,622.9,9830.401,99.14838,10038.188,10571
1905-04-01T00:00:00Z,0.835831,0,425.4,242.532,15.573439,10038.188,10571
1905-05-01T00:00:00Z,0,0,0,0,0,10038.188,10571
1905-06-01T00:00:00Z,0,0,0,0,0,10038.188,10571
1905-07-01T00:00:00Z,0,0,0,0,0,10038.188,10571
1905-08-01T00:00:00Z,0,0,0,0,0,10038.188,10571
1905-09-01T00:00:00Z,0,0,0,0,0,10038.188,10571
1905-10-01T00:00:00Z,0.033475585,0,75.5,0.7553201,0.8690915,10038.188,10571
1905-11-01T00:00:00Z,4.5016403,0,227.3,254.70906,15.959607,10038.188,10571
1905-12-01T00:00:00Z,31.591602,0,279.80002,2212.0393,47.032322,10038.188,10571
1906-01-01T00:00:00Z,48.21322,0,231,3198.6912,56.556973,10038.188,10571
1906-02-01T00:00:00Z,159.71228,0,650.8,20652.916,143.71123,10038.188,10571
1906-03-01T00:00:00Z,21.341463,0,294.5,1792.6772,42.34002,10038.188,10571
1906-04-01T00:00:00Z,2.7242665,0,519.3,801.4414,28.30974,10038.188,10571
1906-05-01T00:00:00Z,0.6813744,0,428.4,168.34619,12.97483,10038.188,10571
1906-06-01T00:00:00Z,0,0,0,0,0,10038.188,10571
1906-07-01T00:00:00Z,0,0,0,0,0,10038.188,10571
1906-08-01T00:00:00Z,0,0,0,0,0,10038.188,10571
1906-09-01T00:00:00Z,0,0,0,0,0,10038.188,10571
1906-10-01T00:00:00Z,0,0,0,0,0,10038.188,10571
1906-11-01T00:00:00Z,21.566637,0,337.80002,2013.3105,44.86993,10038.188,10571
1906-12-01T00:00:00Z,73.280876,0,286.7,5146.63,71.74001,10038.188,10571
1907-01-01T00:00:00Z,58.378513,0,359.2,5845.45,76.45554,10038.188,10571
1907-02-01T00:00:00Z,151.1975,0,561.2,19908.578,141.09776,10038.188,10571
1907-03-01T00:00:00Z,120.80863,0,453.6,10316.431,101.56983,10038.188,10571
1907-04-01T00:00:00Z,46.717697,0,681.3,15020.613,122.55861,10038.188,10571
1907-05-01T00:00:00Z,8.591787,0,952.3,4074.6255,63.832794,10038.188,10571
1907-06-01T00:00:00Z,0.07665069,0,173,8.977463,2.9962413,10038.188,10571
1907-07-01T00:00:00Z,0,0,0,0,0,10038.188,10571
1907-08-01T00:00:00Z,0,0,0,0,0,10038.188,10571
1907-09-01T00:00:00Z,0,0,0,0,0,10038.188,10571
1907-10-01T00:00:00Z,0,0,0,0,0,10038.188,10571
1907-11-01T00:00:00Z,0.2417293,0,96,11.560743,3.4001093,10038.188,10571
1907-12-01T00:00:00Z,256.7448,0,738.3,30277.49,174.00429,10038.188,10571
1908-01-01T00:00:00Z,10.360234,0,162.1,618.8338,24.87637,10038.188,10571
1908-02-01T00:00:00Z,4.3932986,0,100.5,188.48979,13.729158,10038.188,10571
1908-03-01T00:00:00Z,17.404161,0,332.6,2449.4468,49.491886,10038.188,10571
1908-04-01T00:00:00Z,8.510237,0,526.2,2226.8896,47.18993,10038.188,10571
1908-05-01T00:00:00Z,1.9865073,0,628.2,822.3638,28.676886,10038.188,10571
1908-06-01T00:00:00Z,0,0,0,0,0,10038.188,10571
1908-07-01T00:00:00Z,0,0,0,0,0,10038.188,10571
1908-08-01T00:00:00Z,0,0,0,0,0,10038.188,10571
1908-09-01T00:00:00Z,0,0,0,0,0,10038.188,10571
1908-10-01T00:00:00Z,6.15622,0,257.5,475.74664,21.811617,10038.188,10571
1908-11-01T00:00:00Z,10.810088,0,261.30002,689.74176,26.262936,10038.188,10571
1908-12-01T00:00:00Z,11.509422,0,178.5,679.68677,26.070803,10038.188,10571
1909-01-01T00:00:00Z,525.64655,0,1163.7001,67440.36,259.6928,10038.188,10571
1909-02-01T00:00:00Z,183.92595,0,618.4,18261.299,135.13437,10038.188,10571
1909-03-01T00:00:00Z,20.010029,0,298,2586.16,50.8543,10038.188,10571
1909-04-01T00:00:00Z,21.44372,0,540,6572.0835,81.06839,10038.188,10571
1909-05-01T00:00:00Z,8.936943,0,989.60004,4494.754,67.04292,10038.188,10571
1909-06-01T00:00:00Z,0.15209945,0,198.2,18.978153,4.3563924,10038.188,10571
1909-07-01T00:00:00Z,0,0,0,0,0,10038.188,10571
1909-08-01T00:00:00Z,0,0,0,0,0,10038.188,10571
1909-09-01T00:00:00Z,0,0,0,0,0,10038.188,10571
1909-10-01T00:00:00Z,8.607801,0,289.5,721.96954,26.86949,10038.188,10571
1909-11-01T00:00:00Z,349.7523,0,991.3,50332.75,224.34961,10038.188,10571
1909-12-01T00:00:00Z,33.300446,0,245.6,2159.1736,46.466908,10038.188,10571
1910-01-01T00:00:00Z,22.007235,0,279.9,1870.8203,43.25298,10038.188,10571
1910-02-01T00:00:00Z,46.362022,0,331.9,3791.862,61.5781,10038.188,10571
1910-03-01T00:00:00Z,39.662144,0,435.4,7968.454,89.2662,10038.188,10571
1910-04-01T00:00:00Z,10.327852,0,705.60004,3099.5115,55.673256,10038.188,10571
1910-05-01T00:00:00Z,1.0371724,0,697.4,414.19034,20.351667,10038.188,10571
1910-06-01T00:00:00Z,0,0,0,0,0,10038.188,10571
1910-07-01T00:00:00Z,0,0,0,0,0,10038.188,10571
1910-08-01T00:00:00Z,0,0,0,0,0,10038.188,10571
1910-09-01T00:00:00Z,0,0,0,0,0,10038.188,10571
1910-10-01T00:00:00Z,0,0,0,0,0,10038.188,10571
1910-11-01T00:00:00Z,168.99272,0,747.9,25871.436,160.846,10038.188,10571
1910-12-01T00:00:00Z,20.425716,0,255.1,1554.9207,39.43248,10038.188,10571
1911-01-01T00:00:00Z,82.64383,0,352.80002,6124.6987,78.26045,10038.188,10571
1911-02-01T00:00:00Z,4.523649,0,147.7,219.62718,14.819824,10038.188,10571
1911-03-01T00:00:00Z,19.033495,0,350.4,3079.306,55.491493,10038.188,10571
1911-04-01T00:00:00Z,2.034236,0,503,604.88544,24.59442,10038.188,10571
1911-05-01T00:00:00Z,0.67824227,0,466.6,166.1144,12.888537,10038.188,10571
1911-06-01T00:00:00Z,0,0,0,0,0,10038.188,10571
1911-07-01T00:00:00Z,0,0,0,0,0,10038.188,10571
1911-08-01T00:00:00Z,0,0,0,0,0,10038.188,10571
1911-09-01T00:00:00Z,0,0,0,0,0,10038.188,10571
1911-10-01T00:00:00Z,0,0,0,0,0,10038.188,10571
1911-11-01T00:00:00Z,23.036503,0,370.2,2363.1497,48.612236,10038.188,10571
1911-12-01T00:00:00Z,55.023003,0,324,4460.8,66.78922,10038.188,10571
1912-01-01T00:00:00Z,221.68102,0,790.5,31646.123,177.89357,10038.188,10571
1912-02-01T00:00:00Z,126.46113,0,676.2,19832.174,140.82675,10038.188,10571
1912-03-01T00:00:00Z,8.060939,0,275.80002,1001.23175,31.642246,10038.188,10571
1912-04-01T00:00:00Z,23.210789,0,564.5,5050.5547,71.06725,10038.188,10571
1912-05-01T00:00:00Z,5.598772,0,1004,3230.9717,56.841637,10038.188,10571
1912-06-01T00:00:00Z,0.009862363,0,44.8,0.40325785,0.63502586,10038.188,10571
1912-07-01T00:00:00Z,0,0,0,0,0,10038.188,10571
1912-08-01T00:00:00Z,0,0,0,0,0,10038.188,10571
1912-09-01T00:00:00Z,0,0,0,0,0,10038.188,10571
1912-10-01T00:00:00Z,0.7206565,0,180.40001,43.383812,6.586639,10038.188,10571
1912-11-01T00:00:00Z,92.36816,0,504.2,8631.372,92.90518,10038.188,10571
1912-12-01T00:00:00Z,89.41239,0,381.1,8843.533,94.04006,10038.188,10571
1913-01-01T00:00:00Z,70.94817,0,394.9,6639.1523,81.480995,10038.188,10571
1913-02-01T00:00:00Z,0.92309237,0,92.8,30.698729,5.540643,10038.188,10571
1913-03-01T00:00:00Z,36.21295,0,476.4,5839.6035,76.4173,10038.188,10571
1913-04-01T00:00:00Z,20.42373,0,585.10004,5853.706,76.509514,10038.188,10571
1913-05-01T00:00:00Z,3.199156,0,903.7,1531.1622,39.13007,10038.188,10571
1913-06-01T00:00:00Z,0,0,0,0,0,10038.188,10571
1913-07-01T00:00:00Z,0,0,0,0,0,10038.188,10571
1913-08-01T00:00:00Z,0,0,0,0,0,10038.188,10571
1913-09-01T00:00:00Z,0,0,0,0,0,10038.188,10571
1913-10-01T00:00:00Z,0.004808727,0,15.900001,0.050139375,0.22391823,10038.188,10571
1913-11-01T00:00:00Z,47.55831,0,363.30002,4459.6807,66.78084,10038.188,10571
1913-12-01T00:00:00Z,74.6923,0,300,5478.9746,74.020096,10038.188,10571
1914-01-01T00:00:00Z,362.90652,0,957.2,46892.99,216.5479,10038.188,10571
1914-02-01T00:00:00Z,12.3725195,0,215.40001,805.6221,28.383482,10038.188,10571
1914-03-01T00:00:00Z,34.407333,0,546.3,7364.7017,85.81784,10038.188,10571
1914-04-01T00:00:00Z,14.462284,0,737.3,3783.7415,61.512123,10038.188,10571
1914-05-01T00:00:00Z,0.7145932,0,510.9,231.24368,15.206698,10038.188,10571
1914-06-01T00:00:00Z,0,0,0,0,0,10038.188,10571
1914-07-01T00:00:00Z,0,0,0,0,0,10038.188,10571
1914-08-01T00:00:00Z,0,0,0,0,0,10038.188,10571
1914-09-01T00:00:00Z,6.9494004,0,254.40001,575.3801,23.987082,10038.188,10571
1914-10-01T00:00:00Z,6.400373,0,267.2,421.65002,20.534119,10038.188,10571
1914-11-01T00:00:00Z,8.610945,0,261.1,554.34143,23.544456,10038.188,10571
1914-12-01T00:00:00Z,25.511587,0,240.40001,1694.1416,41.15995,10038.188,10571
1915-01-01T00:00:00Z,75.835785,0,304.80002,5030.2744,70.92443,10038.188,10571
1915-02-01T00:00:00Z,238.34471,0,732.7,28633.018,169.21294,10038.188,10571
1915-03-01T00:00:00Z,19.080257,0,367.4,3301.0718,57.454956,10038.188,10571
1915-04-01T00:00:00Z,10.779128,0,625.4,3360.8325,57.972687,10038.188,10571
1915-05-01T00:00:00Z,1.736926,0,627.4,761.37885,27.593094,10038.188,10571
1915-06-01T00:00:00Z,0,0,0,0,0,10038.188,10571
1915-07-01T00:00:00Z,0,0,0,0,0,10038.188,10571
1915-08-01T00:00:00Z,0,0,0,0,0,10038.188,10571
1915-09-01T00:00:00Z,0,0,0,0,0,10038.188,10571
1915-10-01T00:00:00Z,0,0,0,0,0,10038.188,10571
1915-11-01T00:00:00Z,142.84798,0,742.3,21253.691,145.78645,10038.188,10571
1915-12-01T00:00:00Z,41.88651,0,302.9,2965.9722,54.46074,10038.188,10571
1916-01-01T00:00:00Z,47.14274,0,291.1,3585.2632,59.877068,10038.188,10571
1916-02-01T00:00:00Z,167.9762,0,488.4,14800.264,121.656334,10038.188,10571
1916-03-01T00:00:00Z,175.0944,0,788.9,30069.777,173.40639,10038.188,10571
1916-04-01T00:00:00Z,17.745176,0,600,5363.0776,73.23304,10038.188,10571
1916-05-01T00:00:00Z,4.0673666,0,827.8,1902.0854,43.612904,10038.188,10571
1916-06-01T00:00:00Z,0.03268189,0,127,3.5197575,1.8761016,10038.188,10571
1916-07-01T00:00:00Z,0,0,0,0,0,10038.188,10571
1916-08-01T00:00:00Z,0,0,0,0,0,10038.188,10571
1916-09-01T00:00:00Z,0,0,0,0,0,10038.188,10571
1916-10-01T00:00:00Z,0,0,0,0,0,10038.188,10571
1916-11-01T00:00:00Z,15.610009,0,232.3,1211.0228,34.799755,10038.188,10571
1916-12-01T00:00:00Z,12.171888,0,177.3,697.02045,26.401146,10038.188,10571
1917-01-01T00:00:00Z,2.682486,0,147,170.93454,13.074194,10038.188,10571
1917-02-01T00:00:00Z,21.672092,0,200.1,1165.6615,34.141785,10038.188,10571
1917-03-01T00:00:00Z,79.524055,0,440,8559.165,92.515755,10038.188,10571
1917-04-01T00:00:00Z,61.198967,0,723.9,19002.654,137.85011,10038.188,10571
1917-05-01T00:00:00Z,12.954299,0,897.60004,5752.1953,75.84323,10038.188,10571
1917-06-01T00:00:00Z,0.5317527,0,505.2,163.96004,12.8046875,10038.188,10571
1917-07-01T00:00:00Z,0,0,0,0,0,10038.188,10571
1917-08-01T00:00:00Z,0,0,0,0,0,10038.188,10571
1917-09-01T00:00:00Z,0,0,0,0,0,10038.188,10571
1917-10-01T00:00:00Z,0,0,0,0,0,10038.188,10571
1917-11-01T00:00:00Z,55.180202,0,395,5697.1943,75.47976,10038.188,10571
1917-12-01T00:00:00Z,33.171875,0,297.6,2541.151,50.40983,10038.188,10571
1918-01-01T00:00:00Z,21.911621,0,316.7,1994.1742,44.656178,10038.188,10571
1918-02-01T00:00:00Z,69.85573,0,349.5,5200.753,72.11624,10038.188,10571
1918-03-01T00:00:00Z,40.05972,0,384.1,3966.0264,62.976395,10038.188,10571
1918-04-01T00:00:00Z,2.1936815,0,444.7,538.47064,23.20497,10038.188,10571
1918-05-01T00:00:00Z,0.14494924,0,232.7,22.696692,4.7641044,10038.188,10571
1918-06-01T00:00:00Z,0,0,0,0,0,10038.188,10571
1918-07-01T00:00:00Z,0,0,0,0,0,10038.188,10571
1918-08-01T00:00:00Z,0,0,0,0,0,10038.188,10571
1918-09-01T00:00:00Z,0,0,0,0,0,10038.188,10571
1918-10-01T00:00:00Z,0,0,0,0,0,10038.188,10571
1918-11-01T00:00:00Z,2.5082057,0,201,164.63118,12.830869,10038.188,10571
1918-12-01T00:00:00Z,15.962229,0,222.7,1096.8431,33.11862,10038.188,10571
1919-01-01T00:00:00Z,128.16252,0,534,13877.642,117.8034,10038.188,10571
1919-02-01T00:00:00Z,136.72098,0,438.7,11069.822,105.21323,10038.188,10571
1919-03-01T00:00:00Z,75.45048,0,498.80002,10980.314,104.786995,10038.188,10571
1919-04-01T00:00:00Z,55.2182,0,838.4,19646.258,140.16512,10038.188,10571
1919-05-01T00:00:00Z,7.87475,0,1057.8,4220.872,64.96824,10038.188,10571
1919-06-01T00:00:00Z,0.004151876,0,27.9,0.08591646,0.2931151,10038.188,10571
1919-07-01T00:00:00Z,0,0,0,0,0,10038.188,10571
1919-08-01T00:00:00Z,0,0,0,0,0,10038.188,10571
1919-09-01T00:00:00Z,0,0,0,0,0,10038.188,10571
1919-10-01T00:00:00Z,0,0,0,0,0,10038.188,10571
1919-11-01T00:00:00Z,3.9127336,0,219.1,280.42038,16.745756,10038.188,10571
1919-12-01T00:00:00Z,53.693398,0,342.4,4218.9604,64.95352,10038.188,10571
1920-01-01T00:00:00Z,1.5831537,0,115.6,77.91757,8.827093,10038.188,10571
1920-02-01T00:00:00Z,0.0657758,0,42.100002,1.300461,1.1403776,10038.188,10571
1920-03-01T00:00:00Z,25.375765,0,325.5,2478.2974,49.7825,10038.188,10571
1920-04-01T00:00:00Z,5.190874,0,457.4,1158.483,34.036495,10038.188,10571
1920-05-01T00:00:00Z,0.4349736,0,433.6,117.39508,10.834901,10038.188,10571
1920-06-01T00:00:00Z,0,0,0,0,0,10038.188,10571
1920-07-01T00:00:00Z,0,0,0,0,0,10038.188,10571
1920-08-01T00:00:00Z,0,0,0,0,0,10038.188,10571
1920-09-01T00:00:00Z,0.08774767,0,81.200005,5.0374556,2.2444277,10038.188,10571
1920-10-01T00:00:00Z,17.932835,0,306,1469.816,38.33818,10038.188,10571
1920-11-01T00:00:00Z,111.57052,0,479.30002,9769.508,98.84082,10038.188,10571
1920-12-01T00:00:00Z,208.62439,0,518.4,18153.197,134.73381,10038.188,10571
1921-01-01T00:00:00Z,105.64202,0,421.7,8850.968,94.07958,10038.188,10571
1921-02-01T00:00:00Z,117.52774,0,592,16315.686,127.73287,10038.188,10571
1921-03-01T00:00:00Z,28.788553,0,462.2,4772.926,69.086365,10038.188,10571
1921-04-01T00:00:00Z,5.0850353,0,461.6,1230.3462,35.07629,10038.188,10571
1921-05-01T00:00:00Z,3.4361491,0,846.3,1881.8186,43.379932,10038.188,10571
1921-06-01T00:00:00Z,0.00757988,0,48.3,0.25847474,0.5084041,10038.188,10571
1921-07-01T00:00:00Z,0,0,0,0,0,10038.188,10571
1921-08-01T00:00:00Z,0,0,0,0,0,10038.188,10571
1921-09-01T00:00:00Z,0,0,0,0,0,10038.188,10571
1921-10-01T00:00:00Z,0.06700979,0,74.8,2.5277238,1.5898817,10038.188,10571
1921-11-01T00:00:00Z,137.07231,0,637.9,16570.39,128.72603,10038.188,10571
1921-12-01T00:00:00Z,5.9756484,0,125.8,280.35583,16.74383,10038.188,10571
1922-01-01T00:00:00Z,1.9561371,0,108.3,105.49672,10.271159,10038.188,10571
1922-02-01T00:00:00Z,83.57733,0,353.4,6571.479,81.06466,10038.188,10571
1922-03-01T00:00:00Z,205.69072,0,718.10004,29979.264,173.14522,10038.188,10571
1922-04-01T00:00:00Z,27.98222,0,500,6693.2646,81.81237,10038.188,10571
1922-05-01T00:00:00Z,13.665079,0,984.5,6560.604,80.99756,10038.188,10571
1922-06-01T00:00:00Z,0.10639095,0,225.40001,14.281299,3.7790606,10038.188,10571
1922-07-01T00:00:00Z,0,0,0,0,0,10038.188,10571
1922-08-01T00:00:00Z,0,0,0,0,0,10038.188,10571
1922-09-01T00:00:00Z,0,0,0,0,0,10038.188,10571
1922-10-01T00:00:00Z,0.071703345,0,51.4,2.0824337,1.443064,10038.188,10571
1922-11-01T00:00:00Z,0.6374487,0,194.8,62.55169,7.9089622,10038.188,10571
1922-12-01T00:00:00Z,78.647644,0,279,5325.0645,72.97304,10038.188,10571
1923-01-01T00:00:00Z,43.679577,0,245.1,2898.074,53.833763,10038.188,10571
1923-02-01T00:00:00Z,0.13529284,0,60.100002,4.2999983,2.0736437,10038.188,10571
1923-03-01T00:00:00Z,2.7960033,0,232.6,286.45798,16.92507,10038.188,10571
1923-04-01T00:00:00Z,2.4162402,0,431.6,542.2707,23.286705,10038.188,10571
1923-05-01T00:00:00Z,0.5658551,0,368.5,134.75983,11.60861,10038.188,10571
1923-06-01T00:00:00Z,0,0,0,0,0,10038.188,10571
1923-07-01T00:00:00Z,0,0,0,0,0,10038.188,10571
1923-08-01T00:00:00Z,0,0,0,0,0,10038.188,10571
1923-09-01T00:00:00Z,0,0,0,0,0,10038.188,10571
1923-10-01T00:00:00Z,0.04282611,0,53.5,1.5253472,1.2350495,10038.188,10571
1923-11-01T00:00:00Z,0.90138644,0,128.8,51.890476,7.2035046,10038.188,10571
1923-12-01T00:00:00Z,21.887785,0,245.7,1469.3878,38.332596,10038.188,10571
1924-01-01T00:00:00Z,0.6026839,0,82.8,23.074318,4.8035736,10038.188,10571
1924-02-01T00:00:00Z,7.690345,0,208.5,574.6919,23.972733,10038.188,10571
1924-03-01T00:00:00Z,0.23751688,0,116.200005,14.064406,3.7502542,10038.188,10571
1924-04-01T00:00:00Z,0.38785765,0,310.9,83.82166,9.155417,10038.188,10571
1924-05-01T00:00:00Z,0,0,0,0,0,10038.188,10571
1924-06-01T00:00:00Z,0,0,0,0,0,10038.188,10571
1924-07-01T00:00:00Z,0,0,0,0,0,10038.188,10571
1924-08-01T00:00:00Z,0,0,0,0,0,10038.188,10571
1924-09-01T00:00:00Z,0,0,0,0,0,10038.188,10571
1924-10-01T00:00:00Z,92.80755,0,573.3,12304.025,110.92351,10038.188,10571
1924-11-01T00:00:00Z,132.34384,0,560.8,15385.043,124.03646,10038.188,10571
1924-12-01T00:00:00Z,32.04991,0,256.1,1992.7114,44.639797,10038.188,10571
1925-01-01T00:00:00Z,108.440384,0,493.30002,12876.945,113.47663,10038.188,10571
1925-02-01T00:00:00Z,136.07335,0,453.2,12272.3,110.78041,10038.188,10571
1925-03-01T00:00:00Z,3.5965667,0,212.2,420.73636,20.51186,10038.188,10571
1925-04-01T00:00:00Z,30.795862,0,746.5,6172.542,78.56553,10038.188,10571
1925-05-01T00:00:00Z,0.849488,0,493,270.3552,16.44248,10038.188,10571
1925-06-01T00:00:00Z,0,0,0,0,0,10038.188,10571
1925-07-01T00:00:00Z,0,0,0,0,0,10038.188,10571
1925-08-01T00:00:00Z,0,0,0,0,0,10038.188,10571
1925-09-01T00:00:00Z,0,0,0,0,0,10038.188,10571
1925-10-01T00:00:00Z,0,0,0,0,0,10038.188,10571
1925-11-01T00:00:00Z,7.508771,0,281.7,552.6727,23.508993,10038.188,10571
1925-12-01T00:00:00Z,6.2019324,0,171.90001,377.41718,19.427227,10038.188,10571
1926-01-01T00:00:00Z,12.92906,0,199.3,756.5715,27.505844,10038.188,10571
1926-02-01T00:00:00Z,207.19928,0,674.9,25589.691,159.96779,10038.188,10571
1926-03-01T00:00:00Z,0.37794527,0,251.40001,72.727356,8.528033,10038.188,10571
1926-04-01T00:00:00Z,0.20240286,0,256.2,35.422485,5.951679,10038.188,10571
1926-05-01T00:00:00Z,0.11618559,0,86.9,6.834857,2.614356,10038.188,10571
1926-06-01T00:00:00Z,0,0,0,0,0,10038.188,10571
1926-07-01T00:00:00Z,0,0,0,0,0,10038.188,10571
1926-08-01T00:00:00Z,0,0,0,0,0,10038.188,10571
1926-09-01T00:00:00Z,0,0,0,0,0,10038.188,10571
1926-10-01T00:00:00Z,11.750564,0,282.4,961.3977,31.006414,10038.188,10571
1926-11-01T00:00:00Z,334.931,0,1068.2001,40539.434,201.34407,10038.188,10571
1926-12-01T00:00:00Z,38.295864,0,268.9,2699.6597,51.95825,10038.188,10571
1927-01-01T00:00:00Z,116.44918,0,433.7,11043.036,105.085846,10038.188,10571
1927-02-01T00:00:00Z,217.303,0,695.60004,23970.17,154.82303,10038.188,10571
1927-03-01T00:00:00Z,15.906305,0,349.30002,1644.0692,40.547123,10038.188,10571
1927-04-01T00:00:00Z,3.0732398,0,462.4,818.6412,28.611906,10038.188,10571
1927-05-01T00:00:00Z,1.5077555,0,793.5,668.9397,25.863869,10038.188,10571
1927-06-01T00:00:00Z,0,0,0,0,0,10038.188,10571
1927-07-01T00:00:00Z,0,0,0,0,0,10038.188,10571
1927-08-01T00:00:00Z,0,0,0,0,0,10038.188,10571
1927-09-01T00:00:00Z,0,0,0,0,0,10038.188,10571
1927-10-01T00:00:00Z,0,0,0,0,0,10038.188,10571
1927-11-01T00:00:00Z,114.32689,0,617.7,15682.44,125.22955,10038.188,10571
1927-12-01T00:00:00Z,7.51827,0,162.7,432.40967,20.794462,10038.188,10571
1928-01-01T00:00:00Z,43.814377,0,284.30002,3764.2488,61.353474,10038.188,10571
1928-02-01T00:00:00Z,2.3266487,0,123.3,105.94354,10.292888,10038.188,10571
1928-03-01T00:00:00Z,84.860794,0,535.7,9083.158,95.3056,10038.188,10571
1928-04-01T00:00:00Z,32.53236,0,607.2,3874.04,62.241787,10038.188,10571
1928-05-01T00:00:00Z,0.28683922,0,324,56.75943,7.5338855,10038.188,10571
1928-06-01T00:00:00Z,0,0,0,0,0,10038.188,10571
1928-07-01T00:00:00Z,0,0,0,0,0,10038.188,10571
1928-08-01T00:00:00Z,0,0,0,0,0,10038.188,10571
1928-09-01T00:00:00Z,0,0,0,0,0,10038.188,10571
1928-10-01T00:00:00Z,0.002663838,0,20.1,0.051882166,0.22777657,10038.188,10571
1928-11-01T00:00:00Z,23.907938,0,282.4,1668.438,40.846516,10038.188,10571
1928-12-01T00:00:00Z,40.709538,0,266.9,2977.7874,54.569107,10038.188,10571
1929-01-01T00:00:00Z,3.8172245,0,142.90001,204.06635,14.285179,10038.188,10571
1929-02-01T00:00:00Z,0.21637039,0,49.5,4.5107875,2.1238616,10038.188,10571
1929-03-01T00:00:00Z,8.837191,0,319.7,1072.4653,32.748516,10038.188,10571
1929-04-01T00:00:00Z,6.0446105,0,396.1,1049.4879,32.3958,10038.188,10571
1929-05-01T00:00:00Z,0.69392884,0,465.4,203.5121,14.265767,10038.188,10571
1929-06-01T00:00:00Z,0,0,0,0,0,10038.188,10571
1929-07-01T00:00:00Z,0,0,0,0,0,10038.188,10571
1929-08-01T00:00:00Z,0,0,0,0,0,10038.188,10571
1929-09-01T00:00:00Z,0,0,0,0,0,10038.188,10571
1929-10-01T00:00:00Z,0,0,0,0,0,10038.188,10571
1929-11-01T00:00:00Z,0,0,0,0,0,10038.188,10571
1929-12-01T00:00:00Z,127.187836,0,517.2,13465.961,116.04293,10038.188,10571
1930-01-01T00:00:00Z,10.556,0,226.90001,771.34125,27.773031,10038.188,10571
1930-02-01T00:00:00Z,66.8526,0,399.5,7278.3994,85.31354,10038.188,10571
1930-03-01T00:00:00Z,2.4475687,0,205.8,256.39273,16.012268,10038.188,10571
1930-04-01T00:00:00Z,3.2313714,0,599.2,1058.3922,32.53294,10038.188,10571
1930-05-01T00:00:00Z,0.1134034,0,210.2,16.351923,4.0437512,10038.188,10571
1930-06-01T00:00:00Z,0,0,0,0,0,10038.188,10571
1930-07-01T00:00:00Z,0,0,0,0,0,10038.188,10571
1930-08-01T00:00:00Z,0,0,0,0,0,10038.188,10571
1930-09-01T00:00:00Z,0,0,0,0,0,10038.188,10571
1930-10-01T00:00:00Z,0,0,0,0,0,10038.188,10571
1930-11-01T00:00:00Z,1.3748494,0,228.6,118.37461,10.88001,10038.188,10571
1930-12-01T00:00:00Z,3.8359456,0,140.40001,188.27374,13.721288,10038.188,10571
1931-01-01T00:00:00Z,20.550701,0,232.5,1307.3406,36.157166,10038.188,10571
1931-02-01T00:00:00Z,0.55597264,0,121.6,31.172693,5.583251,10038.188,10571
1931-03-01T00:00:00Z,42.37434,0,475.80002,4376.8223,66.157555,10038.188,10571
1931-04-01T00:00:00Z,0.69444996,0,457.80002,202.06506,14.214959,10038.188,10571
1931-05-01T00:00:00Z,0,0,0,0,0,10038.188,10571
1931-06-01T00:00:00Z,0,0,0,0,0,10038.188,10571
1931-07-01T00:00:00Z,0,0,0,0,0,10038.188,10571
1931-08-01T00:00:00Z,0,0,0,0,0,10038.188,10571
1931-09-01T00:00:00Z,0,0,0,0,0,10038.188,10571
1931-10-01T00:00:00Z,0.24473904,0,111.8,17.85198,4.2251606,10038.188,10571
1931-11-01T00:00:00Z,59.764133,0,354.7,5593.7075,74.79109,10038.188,10571
1931-12-01T00:00:00Z,194.98608,0,672.2,21360.629,146.15276,10038.188,10571
1932-01-01T00:00:00Z,12.842141,0,204.1,824.8096,28.719498,10038.188,10571
1932-02-01T00:00:00Z,1.0916387,0,113.4,37.676094,6.138086,10038.188,10571
1932-03-01T00:00:00Z,92.33283,0,799.2,19567.61,139.88428,10038.188,10571
1932-04-01T00:00:00Z,16.31007,0,600.5,4561.9673,67.542336,10038.188,10571
1932-05-01T00:00:00Z,3.511221,0,898.8,1765.3524,42.016098,10038.188,10571
1932-06-01T00:00:00Z,0,0,0,0,0,10038.188,10571
1932-07-01T00:00:00Z,0,0,0,0,0,10038.188,10571
1932-08-01T00:00:00Z,0,0,0,0,0,10038.188,10571
1932-09-01T00:00:00Z,0,0,0,0,0,10038.188,10571
1932-10-01T00:00:00Z,0,0,0,0,0,10038.188,10571
1932-11-01T00:00:00Z,58.55578,0,502.2,7402.731,86.03912,10038.188,10571
1932-12-01T00:00:00Z,44.443268,0,335.5,3779.3232,61.4762,10038.188,10571
1933-01-01T00:00:00Z,56.363064,0,308.30002,4098.161,64.016884,10038.188,10571
1933-02-01T00:00:00Z,4.0307736,0,133.90001,278.59357,16.691122,10038.188,10571
1933-03-01T00:00:00Z,211.10895,0,749.3,34557.895,185.89754,10038.188,10571
1933-04-01T00:00:00Z,23.857714,0,549.5,6545.213,80.90249,10038.188,10571
1933-05-01T00:00:00Z,32.95628,0,1002.2,11812.21,108.68399,10038.188,10571
1933-06-01T00:00:00Z,0.8448581,0,557.60004,290.9782,17.058083,10038.188,10571
1933-07-01T00:00:00Z,0,0,0,0,0,10038.188,10571
1933-08-01T00:00:00Z,0,0,0,0,0,10038.188,10571
1933-09-01T00:00:00Z,0,0,0,0,0,10038.188,10571
1933-10-01T00:00:00Z,0.012571744,0,26.300001,0.20860922,0.45673758,10038.188,10571
1933-11-01T00:00:00Z,0.004385528,0,16.9,0.044755556,0.2115551,10038.188,10571
1933-12-01T00:00:00Z,158.0487,0,511.2,18533.389,136.13739,10038.188,10571
1934-01-01T00:00:00Z,38.312355,0,340,3906.1582,62.499264,10038.188,10571
1934-02-01T00:00:00Z,5.504196,0,195.2,397.74127,19.94345,10038.188,10571
1934-03-01T00:00:00Z,4.0720944,0,463.7,880.7402,29.677267,10038.188,10571
1934-04-01T00:00:00Z,0.49436906,0,347.2,114.0115,10.677617,10038.188,10571
1934-05-01T00:00:00Z,0,0,0,0,0,10038.188,10571
1934-06-01T00:00:00Z,0,0,0,0,0,10038.188,10571
1934-07-01T00:00:00Z,0,0,0,0,0,10038.188,10571
1934-08-01T00:00:00Z,0,0,0,0,0,10038.188,10571
1934-09-01T00:00:00Z,0,0,0,0,0,10038.188,10571
1934-10-01T00:00:00Z,17.390572,0,329.4,1599.483,39.993538,10038.188,10571
1934-11-01T00:00:00Z,153.6825,0,590.10004,15855.362,125.918076,10038.188,10571
1934-12-01T00:00:00Z,73.29528,0,382,6438.7397,80.24176,10038.188,10571
1935-01-01T00:00:00Z,31.962189,0,255.3,1994.0071,44.65431,10038.188,10571
1935-02-01T00:00:00Z,8.485809,0,166.5,498.8705,22.33541,10038.188,10571
1935-03-01T00:00:00Z,24.778782,0,307.6,2053.7727,45.31857,10038.188,10571
1935-04-01T00:00:00Z,9.121635,0,505.30002,2363.708,48.61798,10038.188,10571
1935-05-01T00:00:00Z,0.7778216,0,503,246.77202,15.708979,10038.188,10571
1935-06-01T00:00:00Z,0,0,0,0,0,10038.188,10571
1935-07-01T00:00:00Z,0,0,0,0,0,10038.188,10571
1935-08-01T00:00:00Z,0,0,0,0,0,10038.188,10571
1935-09-01T00:00:00Z,0,0,0,0,0,10038.188,10571
1935-10-01T00:00:00Z,0.3725241,0,131.3,22.633549,4.757473,10038.188,10571
1935-11-01T00:00:00Z,1.4607207,0,171.90001,86.402176,9.295277,10038.188,10571
1935-12-01T00:00:00Z,62.070755,0,304.9,4887.1567,69.9082,10038.188,10571
1936-01-01T00:00:00Z,261.7802,0,703.2,30968.742,175.97939,10038.188,10571
1936-02-01T00:00:00Z,106.06686,0,462.9,9961.765,99.80864,10038.188,10571
1936-03-01T00:00:00Z,7.0958443,0,248.90001,809.6363,28.45411,10038.188,10571
1936-04-01T00:00:00Z,9.48572,0,591.4,2804.5752,52.95824,10038.188,10571
1936-05-01T00:00:00Z,2.3664403,0,891.7,1116.1444,33.40875,10038.188,10571
1936-06-01T00:00:00Z,0,0,0,0,0,10038.188,10571
1936-07-01T00:00:00Z,0,0,0,0,0,10038.188,10571
1936-08-01T00:00:00Z,0,0,0,0,0,10038.188,10571
1936-09-01T00:00:00Z,0,0,0,0,0,10038.188,10571
1936-10-01T00:00:00Z,0,0,0,0,0,10038.188,10571
1936-11-01T00:00:00Z,0,0,0,0,0,10038.188,10571
1936-12-01T00:00:00Z,11.843494,0,225.8,838.28625,28.953173,10038.188,10571
1937-01-01T00:00:00Z,1.3268365,0,120.5,67.04347,8.188007,10038.188,10571
1937-02-01T00:00:00Z,76.47211,0,396.80002,6293.858,79.33384,10038.188,10571
1937-03-01T00:00:00Z,181.15715,0,680.2,25229.172,158.83693,10038.188,10571
1937-04-01T00:00:00Z,120.67831,0,878,32131.72,179.25323,10038.188,10571
1937-05-01T00:00:00Z,16.140165,0,1130,8392.882,91.61267,10038.188,10571
1937-06-01T00:00:00Z,0.048760846,0,153.1,5.202257,2.2808456,10038.188,10571
1937-07-01T00:00:00Z,0,0,0,0,0,10038.188,10571
1937-08-01T00:00:00Z,0,0,0,0,0,10038.188,10571
1937-09-01T00:00:00Z,0,0,0,0,0,10038.188,10571
1937-10-01T00:00:00Z,0.759653,0,145.3,52.985626,7.2791224,10038.188,10571
1937-11-01T00:00:00Z,385.50024,0,995.8,50464.66,224.6434,10038.188,10571
1937-12-01T00:00:00Z,29.233652,0,225.5,1854.4054,43.06281,10038.188,10571
1938-01-01T00:00:00Z,67.03633,0,313.2,4887.616,69.91149,10038.188,10571
1938-02-01T00:00:00Z,269.74588,0,834.7,29358.594,171.3435,10038.188,10571
1938-03-01T00:00:00Z,420.38922,0,1178.4,56919.406,238.57788,10038.188,10571
1938-04-01T00:00:00Z,32.179558,0,590.10004,9823.445,99.1133,10038.188,10571
1938-05-01T00:00:00Z,14.411295,0,1024.6,7606.803,87.21699,10038.188,10571
1938-06-01T00:00:00Z,0.78486305,0,648.7,302.39,17.389364,10038.188,10571
1938-07-01T00:00:00Z,0,0,0,0,0,10038.188,10571
1938-08-01T00:00:00Z,0,0,0,0,0,10038.188,10571
1938-09-01T00:00:00Z,0,0,0,0,0,10038.188,10571
1938-10-01T00:00:00Z,0.02644489,0,35.7,0.72272664,0.8501333,10038.188,10571
1938-11-01T00:00:00Z,21.67492,0,273.80002,1614.2832,40.178143,10038.188,10571
1938-12-01T00:00:00Z,33.69813,0,270.6,2313.4407,48.09824,10038.188,10571
1939-01-01T00:00:00Z,13.027486,0,178.40001,782.33203,27.9702,10038.188,10571
1939-02-01T00:00:00Z,7.040466,0,137.40001,361.46533,19.012241,10038.188,10571
1939-03-01T00:00:00Z,10.602756,0,337.7,1372.3038,37.04462,10038.188,10571
1939-04-01T00:00:00Z,1.0520605,0,512.8,363.80484,19.073668,10038.188,10571
1939-05-01T00:00:00Z,0.00489337,0,25.2,0.10061741,0.31720248,10038.188,10571
1939-06-01T00:00:00Z,0,0,0,0,0,10038.188,10571
1939-07-01T00:00:00Z,0,0,0,0,0,10038.188,10571
1939-08-01T00:00:00Z,0,0,0,0,0,10038.188,10571
1939-09-01T00:00:00Z,0,0,0,0,0,10038.188,10571
1939-10-01T00:00:00Z,3.86E-04,0,14,0.001808888,0.042531025,10038.188,10571
1939-11-01T00:00:00Z,0,0,0,0,0,10038.188,10571
1939-12-01T00:00:00Z,246.54459,0,724,37070.58,192.53722,10038.188,10571
1940-01-01T00:00:00Z,64.34446,0,416.30002,5845.4146,76.45531,10038.188,10571
1940-02-01T00:00:00Z,245.61978,0,658.10004,25778.678,160.55739,10038.188,10571
1940-03-01T00:00:00Z,26.822178,0,412.6,2425.8003,49.252415,10038.188,10571
1940-04-01T00:00:00Z,1.47406,0,506.1,470.44168,21.689669,10038.188,10571
1940-05-01T00:00:00Z,0.13964333,0,262.30002,25.843443,5.083645,10038.188,10571
1940-06-01T00:00:00Z,0,0,0,0,0,10038.188,10571
1940-07-01T00:00:00Z,0,0,0,0,0,10038.188,10571
1940-08-01T00:00:00Z,0,0,0,0,0,10038.188,10571
1940-09-01T00:00:00Z,0,0,0,0,0,10038.188,10571
1940-10-01T00:00:00Z,1.5351435,0,152.40001,95.00985,9.747299,10038.188,10571
1940-11-01T00:00:00Z,1.193437,0,154.5,63.219223,7.9510517,10038.188,10571
1940-12-01T00:00:00Z,214.82841,0,605.4,20756.264,144.07034,10038.188,10571
1941-01-01T00:00:00Z,170.8029,0,525.5,16975.375,130.28958,10038.188,10571
1941-02-01T00:00:00Z,48.76873,0,345.2,4063.091,63.742382,10038.188,10571
1941-03-01T00:00:00Z,3.0135543,0,303,362.56842,19.04123,10038.188,10571
1941-04-01T00:00:00Z,1.1410285,0,462.6,355.9813,18.867466,10038.188,10571
1941-05-01T00:00:00Z,0.1842351,0,218.1,23.330696,4.830186,10038.188,10571
1941-06-01T00:00:00Z,0,0,0,0,0,10038.188,10571
1941-07-01T00:00:00Z,0,0,0,0,0,10038.188,10571
1941-08-01T00:00:00Z,0,0,0,0,0,10038.188,10571
1941-09-01T00:00:00Z,0,0,0,0,0,10038.188,10571
1941-10-01T00:00:00Z,0,0,0,0,0,10038.188,10571
1941-11-01T00:00:00Z,17.517082,0,286.80002,1535.7028,39.18804,10038.188,10571
1941-12-01T00:00:00Z,314.87418,0,760.2,33486.63,182.99352,10038.188,10571
1942-01-01T00:00:00Z,67.90548,0,430.5,7103.4463,84.281944,10038.188,10571
1942-02-01T00:00:00Z,62.305946,0,345.2,4908.0293,70.05733,10038.188,10571
1942-03-01T00:00:00Z,1.1754704,0,165.8,86.68499,9.310477,10038.188,10571
1942-04-01T00:00:00Z,3.5159051,0,440.6,783.3311,27.988052,10038.188,10571
1942-05-01T00:00:00Z,4.9116006,0,751.8,1155.7241,33.99594,10038.188,10571
1942-06-01T00:00:00Z,0,0,0,0,0,10038.188,10571
1942-07-01T00:00:00Z,0,0,0,0,0,10038.188,10571
1942-08-01T00:00:00Z,0,0,0,0,0,10038.188,10571
1942-09-01T00:00:00Z,0,0,0,0,0,10038.188,10571
1942-10-01T00:00:00Z,0,0,0,0,0,10038.188,10571
1942-11-01T00:00:00Z,236.88028,0,804.4,39619.555,199.04662,10038.188,10571
1942-12-01T00:00:00Z,317.42816,0,969.5,44410.414,210.73778,10038.188,10571
1943-01-01T00:00:00Z,63.639446,0,321.6,4344.416,65.912186,10038.188,10571
1943-02-01T00:00:00Z,6.398245,0,172,350.85013,18.730993,10038.188,10571
1943-03-01T00:00:00Z,18.770973,0,462.6,3454.6353,58.776146,10038.188,10571
1943-04-01T00:00:00Z,7.1354322,0,667.3,1963.0712,44.30656,10038.188,10571
1943-05-01T00:00:00Z,1.2259266,0,730.9,437.8244,20.924253,10038.188,10571
1943-06-01T00:00:00Z,0,0,0,0,0,10038.188,10571
1943-07-01T00:00:00Z,0,0,0,0,0,10038.188,10571
1943-08-01T00:00:00Z,0,0,0,0,0,10038.188,10571
1943-09-01T00:00:00Z,0,0,0,0,0,10038.188,10571
1943-10-01T00:00:00Z,5.2179494,0,234,351.40146,18.745705,10038.188,10571
1943-11-01T00:00:00Z,18.895874,0,259.1,1418.2177,37.65923,10038.188,10571
1943-12-01T00:00:00Z,0.15257803,0,94.5,8.716824,2.9524267,10038.188,10571
1944-01-01T00:00:00Z,19.579224,0,258,1411.2186,37.56619,10038.188,10571
1944-02-01T00:00:00Z,8.533864,0,169.8,491.09042,22.16056,10038.188,10571
1944-03-01T00:00:00Z,0.71442187,0,201.8,73.581955,8.577992,10038.188,10571
1944-04-01T00:00:00Z,5.7634478,0,440.7,600.28326,24.500679,10038.188,10571
1944-05-01T00:00:00Z,0.01499351,0,66.1,0.7140206,0.8449974,10038.188,10571
1944-06-01T00:00:00Z,0,0,0,0,0,10038.188,10571
1944-07-01T00:00:00Z,0,0,0,0,0,10038.188,10571
1944-08-01T00:00:00Z,0,0,0,0,0,10038.188,10571
1944-09-01T00:00:00Z,0,0,0,0,0,10038.188,10571
1944-10-01T00:00:00Z,2.49E-04,0,2.1000001,4.85E-04,0.022012277,10038.188,10571
1944-11-01T00:00:00Z,152.4812,0,592.5,19134.395,138.32713,10038.188,10571
1944-12-01T00:00:00Z,37.832592,0,260.7,2412.7083,49.119324,10038.188,10571
1945-01-01T00:00:00Z,3.1914446,0,130.6,178.26886,13.351736,10038.188,10571
1945-02-01T00:00:00Z,85.36301,0,346.7,6463.416,80.39538,10038.188,10571
1945-03-01T00:00:00Z,37.50227,0,275.2,2804.6409,52.95886,10038.188,10571
1945-04-01T00:00:00Z,2.2471817,0,484.4,613.9248,24.777506,10038.188,10571
1945-05-01T00:00:00Z,0.9282628,0,564.2,309.7483,17.599667,10038.188,10571
1945-06-01T00:00:00Z,0,0,0,0,0,10038.188,10571
1945-07-01T00:00:00Z,0,0,0,0,0,10038.188,10571
1945-08-01T00:00:00Z,0,0,0,0,0,10038.188,10571
1945-09-01T00:00:00Z,0,0,0,0,0,10038.188,10571
1945-10-01T00:00:00Z,0.5467014,0,128.6,32.923737,5.7379208,10038.188,10571
1945-11-01T00:00:00Z,188.1472,0,631.3,20452.533,143.01234,10038.188,10571
1945-12-01T00:00:00Z,278.43524,0,754.60004,32716.77,180.87778,10038.188,10571
1946-01-01T00:00:00Z,14.483446,0,209.8,949.7954,30.81875,10038.188,10571
1946-02-01T00:00:00Z,14.965257,0,219.3,961.0318,31.000513,10038.188,10571
1946-03-01T00:00:00Z,14.1624365,0,354.1,1761.6582,41.972115,10038.188,10571
1946-04-01T00:00:00Z,3.7015407,0,479.4,930.7401,30.508034,10038.188,10571
1946-05-01T00:00:00Z,0.34207126,0,357.7,73.3774,8.566061,10038.188,10571
1946-06-01T00:00:00Z,0,0,0,0,0,10038.188,10571
1946-07-01T00:00:00Z,0,0,0,0,0,10038.188,10571
1946-08-01T00:00:00Z,0,0,0,0,0,10038.188,10571
1946-09-01T00:00:00Z,0,0,0,0,0,10038.188,10571
1946-10-01T00:00:00Z,0.014296392,0,50.4,0.44476092,0.666904,10038.188,10571
1946-11-01T00:00:00Z,81.94857,0,404.30002,8500.457,92.19792,10038.188,10571
1946-12-01T00:00:00Z,1.1251482,0,114.6,55.60813,7.457086,10038.188,10571
1947-01-01T00:00:00Z,1.5335307,0,106.8,75.408424,8.683803,10038.188,10571
1947-02-01T00:00:00Z,0.4349934,0,114.8,21.217016,4.606193,10038.188,10571
1947-03-01T00:00:00Z,44.275387,0,429.7,3943.3225,62.79588,10038.188,10571
1947-04-01T00:00:00Z,0.25839117,0,308.2,59.551216,7.7169437,10038.188,10571
1947-05-01T00:00:00Z,0,0,0,0,0,10038.188,10571
1947-06-01T00:00:00Z,0,0,0,0,0,10038.188,10571
1947-07-01T00:00:00Z,0,0,0,0,0,10038.188,10571
1947-08-01T00:00:00Z,0,0,0,0,0,10038.188,10571
1947-09-01T00:00:00Z,0,0,0,0,0,10038.188,10571
1947-10-01T00:00:00Z,22.643848,0,297.6,2039.4703,45.160496,10038.188,10571
1947-11-01T00:00:00Z,0.16234049,0,96.9,8.461096,2.9087963,10038.188,10571
1947-12-01T00:00:00Z,3.428936,0,143.90001,183.42108,13.5433035,10038.188,10571
1948-01-01T00:00:00Z,53.518288,0,308.80002,3752.9744,61.261524,10038.188,10571
1948-02-01T00:00:00Z,19.130556,0,238.7,1274.47,35.69972,10038.188,10571
1948-03-01T00:00:00Z,17.45154,0,282.30002,1576.4102,39.704033,10038.188,10571
1948-04-01T00:00:00Z,88.59251,0,502.80002,9372.262,96.81044,10038.188,10571
1948-05-01T00:00:00Z,8.090234,0,891,3463.339,58.850143,10038.188,10571
1948-06-01T00:00:00Z,0.0696003,0,195.6,9.258552,3.0427868,10038.188,10571
1948-07-01T00:00:00Z,0,0,0,0,0,10038.188,10571
1948-08-01T00:00:00Z,0,0,0,0,0,10038.188,10571
1948-09-01T00:00:00Z,0,0,0,0,0,10038.188,10571
1948-10-01T00:00:00Z,0,0,0,0,0,10038.188,10571
1948-11-01T00:00:00Z,12.002259,0,238.90001,901.3685,30.0228,10038.188,10571
1948-12-01T00:00:00Z,91.14427,0,495.2,11299.247,106.29791,10038.188,10571
1949-01-01T00:00:00Z,0,0,0,0,0,10038.188,10571
1949-02-01T00:00:00Z,63.3974,0,407.2,7113.653,84.342476,10038.188,10571
1949-03-01T00:00:00Z,85.56204,0,440.5,11095.058,105.33308,10038.188,10571
1949-04-01T00:00:00Z,12.926611,0,526.2,3300.2336,57.44766,10038.188,10571
1949-05-01T00:00:00Z,1.5779568,0,608.8,518.96094,22.780714,10038.188,10571
1949-06-01T00:00:00Z,0,0,0,0,0,10038.188,10571
1949-07-01T00:00:00Z,0,0,0,0,0,10038.188,10571
1949-08-01T00:00:00Z,0,0,0,0,0,10038.188,10571
1949-09-01T00:00:00Z,0,0,0,0,0,10038.188,10571
1949-10-01T00:00:00Z,0,0,0,0,0,10038.188,10571
1949-11-01T00:00:00Z,1.8628739,0,139.3,123.51493,11.113727,10038.188,10571
1949-12-01T00:00:00Z,4.8213983,0,157.6,268.12036,16.37438,10038.188,10571
1950-01-01T00:00:00Z,51.86018,0,439.5,7289.9863,85.38142,10038.188,10571
1950-02-01T00:00:00Z,45.46692,0,315.2,3590.9727,59.924725,10038.188,10571
1950-03-01T00:00:00Z,187.15382,0,687.3,22650.318,150.50023,10038.188,10571
1950-04-01T00:00:00Z,16.865671,0,506.6,3994.837,63.204723,10038.188,10571
1950-05-01T00:00:00Z,0.795075,0,431.7,220.10315,14.835874,10038.188,10571
1950-06-01T00:00:00Z,0,0,0,0,0,10038.188,10571
1950-07-01T00:00:00Z,0,0,0,0,0,10038.188,10571
1950-08-01T00:00:00Z,0,0,0,0,0,10038.188,10571
1950-09-01T00:00:00Z,0,0,0,0,0,10038.188,10571
1950-10-01T00:00:00Z,244.1332,0,888.4,43974.977,209.70212,10038.188,10571
1950-11-01T00:00:00Z,17.851658,0,248.8,1332.7534,36.506897,10038.188,10571
1950-12-01T00:00:00Z,105.518936,0,471.5,10394.011,101.95102,10038.188,10571
1951-01-01T00:00:00Z,125.96157,0,521.3,13997.966,118.312996,10038.188,10571
1951-02-01T00:00:00Z,49.53535,0,345.4,3699.1946,60.821003,10038.188,10571
1951-03-01T00:00:00Z,7.089711,0,232.8,564.24493,23.75384,10038.188,10571
1951-04-01T00:00:00Z,2.8107135,0,556.7,866.34406,29.433723,10038.188,10571
1951-05-01T00:00:00Z,0.01863771,0,77.5,1.0656558,1.0323061,10038.188,10571
1951-06-01T00:00:00Z,0,0,0,0,0,10038.188,10571
1951-07-01T00:00:00Z,0,0,0,0,0,10038.188,10571
1951-08-01T00:00:00Z,0,0,0,0,0,10038.188,10571
1951-09-01T00:00:00Z,0,0,0,0,0,10038.188,10571
1951-10-01T00:00:00Z,11.410582,0,253.40001,948.4104,30.796272,10038.188,10571
1951-11-01T00:00:00Z,128.80853,0,568.60004,13466.673,116.046,10038.188,10571
1951-12-01T00:00:00Z,182.08786,0,589.3,18302.496,135.28671,10038.188,10571
1952-01-01T00:00:00Z,71.9317,0,435.6,8156.4346,90.31298,10038.188,10571
1952-02-01T00:00:00Z,78.56796,0,378.1,6159.7876,78.484314,10038.188,10571
1952-03-01T00:00:00Z,22.424417,0,269.4,2088.472,45.699802,10038.188,10571
1952-04-01T00:00:00Z,27.535608,0,574.8,7768.104,88.13685,10038.188,10571
1952-05-01T00:00:00Z,3.8485813,0,911.8,1657.209,40.70883,10038.188,10571
1952-06-01T00:00:00Z,0,0,0,0,0,10038.188,10571
1952-07-01T00:00:00Z,0,0,0,0,0,10038.188,10571
1952-08-01T00:00:00Z,0,0,0,0,0,10038.188,10571
1952-09-01T00:00:00Z,0,0,0,0,0,10038.188,10571
1952-10-01T00:00:00Z,0,0,0,0,0,10038.188,10571
1952-11-01T00:00:00Z,0.020225307,0,36.9,0.41808963,0.6465985,10038.188,10571
1952-12-01T00:00:00Z,208.50916,0,564.4,22014.95,148.37436,10038.188,10571
1953-01-01T00:00:00Z,426.3124,0,1118.4,56997.48,238.74146,10038.188,10571
1953-02-01T00:00:00Z,4.610835,0,163.2,278.7578,16.696041,10038.188,10571
1953-03-01T00:00:00Z,31.372702,0,334.2,2933.8306,54.16485,10038.188,10571
1953-04-01T00:00:00Z,13.140604,0,535.2,3282.3955,57.292194,10038.188,10571
1953-05-01T00:00:00Z,10.742167,0,919.7,3692.7805,60.768253,10038.188,10571
1953-06-01T00:00:00Z,0.11438882,0,258.80002,21.24487,4.6092157,10038.188,10571
1953-07-01T00:00:00Z,0,0,0,0,0,10038.188,10571
1953-08-01T00:00:00Z,0,0,0,0,0,10038.188,10571
1953-09-01T00:00:00Z,0,0,0,0,0,10038.188,10571
1953-10-01T00:00:00Z,0.15097691,0,106.4,6.6303406,2.5749447,10038.188,10571
1953-11-01T00:00:00Z,235.13179,0,752,31928.443,178.68532,10038.188,10571
1953-12-01T00:00:00Z,29.54117,0,272,2164.0244,46.519073,10038.188,10571
1954-01-01T00:00:00Z,311.6232,0,812.2,36356.81,190.67462,10038.188,10571
1954-02-01T00:00:00Z,26.158937,0,270.5,2304.1577,48.00164,10038.188,10571
1954-03-01T00:00:00Z,18.433056,0,295.6,2364.733,48.62852,10038.188,10571
1954-04-01T00:00:00Z,15.918168,0,709.2,5117.153,71.53428,10038.188,10571
1954-05-01T00:00:00Z,0.9296122,0,535.4,310.98962,17.634897,10038.188,10571
1954-06-01T00:00:00Z,0,0,0,0,0,10038.188,10571
1954-07-01T00:00:00Z,0,0,0,0,0,10038.188,10571
1954-08-01T00:00:00Z,0,0,0,0,0,10038.188,10571
1954-09-01T00:00:00Z,0,0,0,0,0,10038.188,10571
1954-10-01T00:00:00Z,0,0,0,0,0,10038.188,10571
1954-11-01T00:00:00Z,12.133933,0,209.5,781.819,27.961025,10038.188,10571
1954-12-01T00:00:00Z,147.26048,0,495.6,13599.259,116.61586,10038.188,10571
1955-01-01T00:00:00Z,5.7055693,0,148.40001,385.20853,19.62673,10038.188,10571
1955-02-01T00:00:00Z,0.3234421,0,72.1,8.674543,2.945258,10038.188,10571
1955-03-01T00:00:00Z,8.121885,0,281,848.96796,29.137054,10038.188,10571
1955-04-01T00:00:00Z,31.61629,0,421,3559.19,59.658947,10038.188,10571
1955-05-01T00:00:00Z,1.8670857,0,643.7,730.02795,27.01903,10038.188,10571
1955-06-01T00:00:00Z,0,0,0,0,0,10038.188,10571
1955-07-01T00:00:00Z,0,0,0,0,0,10038.188,10571
1955-08-01T00:00:00Z,0,0,0,0,0,10038.188,10571
1955-09-01T00:00:00Z,0,0,0,0,0,10038.188,10571
1955-10-01T00:00:00Z,0.303541,0,114.9,13.980469,3.7390466,10038.188,10571
1955-11-01T00:00:00Z,81.10036,0,406.6,7963.9907,89.241196,10038.188,10571
1955-12-01T00:00:00Z,422.8893,0,941.4,49457.496,222.39041,10038.188,10571
1956-01-01T00:00:00Z,340.1595,0,858.60004,39577.91,198.94199,10038.188,10571
1956-02-01T00:00:00Z,99.51275,0,447.5,9297.477,96.42342,10038.188,10571
1956-03-01T00:00:00Z,29.477552,0,308.7,3461.0566,58.830746,10038.188,10571
1956-04-01T00:00:00Z,13.466148,0,509.2,3515.3289,59.290207,10038.188,10571
1956-05-01T00:00:00Z,8.873102,0,982,4730.881,68.7814,10038.188,10571
1956-06-01T00:00:00Z,0.2071048,0,370.1,52.587017,7.251691,10038.188,10571
1956-07-01T00:00:00Z,0,0,0,0,0,10038.188,10571
1956-08-01T00:00:00Z,0,0,0,0,0,10038.188,10571
1956-09-01T00:00:00Z,0,0,0,0,0,10038.188,10571
1956-10-01T00:00:00Z,48.85432,0,449,6437.0317,80.23111,10038.188,10571
1956-11-01T00:00:00Z,0.010376042,0,16.9,0.105497,0.32480302,10038.188,10571
1956-12-01T00:00:00Z,48.04863,0,319.30002,3740.6348,61.16073,10038.188,10571
1957-01-01T00:00:00Z,3.3311405,0,162.3,227.95058,15.098032,10038.188,10571
1957-02-01T00:00:00Z,79.64907,0,387.1,7626.832,87.33173,10038.188,10571
1957-03-01T00:00:00Z,191.75221,0,866.2,26214.125,161.90778,10038.188,10571
1957-04-01T00:00:00Z,5.568895,0,481,1485.5355,38.542645,10038.188,10571
1957-05-01T00:00:00Z,1.8616894,0,690.9,761.4475,27.594337,10038.188,10571
1957-06-01T00:00:00Z,0,0,0,0,0,10038.188,10571
1957-07-01T00:00:00Z,0,0,0,0,0,10038.188,10571
1957-08-01T00:00:00Z,0,0,0,0,0,10038.188,10571
1957-09-01T00:00:00Z,0,0,0,0,0,10038.188,10571
1957-10-01T00:00:00Z,2.2829108,0,204.1,147.29358,12.1364565,10038.188,10571
1957-11-01T00:00:00Z,76.632164,0,467.2,8415.444,91.73573,10038.188,10571
1957-12-01T00:00:00Z,209.19766,0,656.10004,23754.1,154.12364,10038.188,10571
1958-01-01T00:00:00Z,166.91844,0,542,15791.533,125.66437,10038.188,10571
1958-02-01T00:00:00Z,364.6738,0,970.7,45513.05,213.33788,10038.188,10571
1958-03-01T00:00:00Z,22.046965,0,242.3,1626.6147,40.33131,10038.188,10571
1958-04-01T00:00:00Z,7.8066154,0,486,2041.6194,45.184284,10038.188,10571
1958-05-01T00:00:00Z,3.9245098,0,1106.8,2328.395,48.253445,10038.188,10571
1958-06-01T00:00:00Z,0,0,0,0,0,10038.188,10571
1958-07-01T00:00:00Z,0,0,0,0,0,10038.188,10571
1958-08-01T00:00:00Z,0,0,0,0,0,10038.188,10571
1958-09-01T00:00:00Z,0,0,0,0,0,10038.188,10571
1958-10-01T00:00:00Z,0,0,0,0,0,10038.188,10571
1958-11-01T00:00:00Z,15.173431,0,271.4,1326.7598,36.424713,10038.188,10571
1958-12-01T00:00:00Z,9.041245,0,175.1,546.82385,23.384266,10038.188,10571
1959-01-01T00:00:00Z,232.23183,0,639.4,26085.547,161.51021,10038.188,10571
1959-02-01T00:00:00Z,83.31914,0,348.2,5969.7817,77.264366,10038.188,10571
1959-03-01T00:00:00Z,19.764994,0,345.80002,2698.5815,51.947872,10038.188,10571
1959-04-01T00:00:00Z,2.4595242,0,487.5,697.71564,26.414307,10038.188,10571
1959-05-01T00:00:00Z,0.07735694,0,165.6,9.674571,3.1103973,10038.188,10571
1959-06-01T00:00:00Z,0,0,0,0,0,10038.188,10571
1959-07-01T00:00:00Z,0,0,0,0,0,10038.188,10571
1959-08-01T00:00:00Z,0,0,0,0,0,10038.188,10571
1959-09-01T00:00:00Z,0,0,0,0,0,10038.188,10571
1959-10-01T00:00:00Z,0.001986607,0,14.400001,0.02558991,0.15996847,10038.188,10571
1959-11-01T00:00:00Z,0,0,0,0,0,10038.188,10571
1959-12-01T00:00:00Z,0.42677322,0,77.1,12.25007,3.50001,10038.188,10571
1960-01-01T00:00:00Z,6.1530824,0,154.2,350.97433,18.73431,10038.188,10571
1960-02-01T00:00:00Z,132.10062,0,411,12385.527,111.29028,10038.188,10571
1960-03-01T00:00:00Z,84.35924,0,539,8956.859,94.640686,10038.188,10571
1960-04-01T00:00:00Z,2.9806294,0,433,687.62317,26.22257,10038.188,10571
1960-05-01T00:00:00Z,4.7378283,0,770.9,854.38104,29.229797,10038.188,10571
1960-06-01T00:00:00Z,0,0,0,0,0,10038.188,10571
1960-07-01T00:00:00Z,0,0,0,0,0,10038.188,10571
1960-08-01T00:00:00Z,0,0,0,0,0,10038.188,10571
1960-09-01T00:00:00Z,0,0,0,0,0,10038.188,10571
1960-10-01T00:00:00Z,0,0,0,0,0,10038.188,10571
1960-11-01T00:00:00Z,102.13014,0,560.8,10353.297,101.75115,10038.188,10571
1960-12-01T00:00:00Z,5.7035785,0,127.6,256.20053,16.006266,10038.188,10571
1961-01-01T00:00:00Z,9.5258045,0,177,544.45856,23.333635,10038.188,10571
1961-02-01T00:00:00Z,79.48127,0,350.1,5455.29,73.85994,10038.188,10571
1961-03-01T00:00:00Z,148.33965,0,483.80002,12661.256,112.52225,10038.188,10571
1961-04-01T00:00:00Z,4.051407,0,509,1120.3618,33.471806,10038.188,10571
1961-05-01T00:00:00Z,1.8383105,0,844.9,864.1835,29.396997,10038.188,10571
1961-06-01T00:00:00Z,0,0,0,0,0,10038.188,10571
1961-07-01T00:00:00Z,0,0,0,0,0,10038.188,10571
1961-08-01T00:00:00Z,0,0,0,0,0,10038.188,10571
1961-09-01T00:00:00Z,0,0,0,0,0,10038.188,10571
1961-10-01T00:00:00Z,1.0421076,0,175.5,59.927715,7.741299,10038.188,10571
1961-11-01T00:00:00Z,99.19652,0,532.7,11610.503,107.752045,10038.188,10571
1961-12-01T00:00:00Z,8.187782,0,150.3,407.81726,20.194487,10038.188,10571
1962-01-01T00:00:00Z,0.034035917,0,33.7,0.61871064,0.7865816,10038.188,10571
1962-02-01T00:00:00Z,38.079185,0,237.40001,2805.6587,52.968468,10038.188,10571
1962-03-01T00:00:00Z,17.677456,0,269,1582.7864,39.78425,10038.188,10571
1962-04-01T00:00:00Z,4.207085,0,574.8,1224.732,34.99617,10038.188,10571
1962-05-01T00:00:00Z,0.39082256,0,393.1,96.48622,9.822741,10038.188,10571
1962-06-01T00:00:00Z,0,0,0,0,0,10038.188,10571
1962-07-01T00:00:00Z,0,0,0,0,0,10038.188,10571
1962-08-01T00:00:00Z,0,0,0,0,0,10038.188,10571
1962-09-01T00:00:00Z,0,0,0,0,0,10038.188,10571
1962-10-01T00:00:00Z,27.279266,0,366.1,2484.929,49.849064,10038.188,10571
1962-11-01T00:00:00Z,41.986706,0,359.6,2953.1526,54.34292,10038.188,10571
1962-12-01T00:00:00Z,2.3593163,0,145.6,103.12421,10.155008,10038.188,10571
1963-01-01T00:00:00Z,0.1169925,0,50.7,2.8982708,1.7024308,10038.188,10571
1963-02-01T00:00:00Z,17.77163,0,382.30002,1631.5697,40.392693,10038.188,10571
1963-03-01T00:00:00Z,25.77975,0,308,2321.0503,48.17728,10038.188,10571
1963-04-01T00:00:00Z,57.400967,0,407.6,4469.2075,66.852135,10038.188,10571
1963-05-01T00:00:00Z,3.750964,0,754.2,900.1081,30.001802,10038.188,10571
1963-06-01T00:00:00Z,0,0,0,0,0,10038.188,10571
1963-07-01T00:00:00Z,0,0,0,0,0,10038.188,10571
1963-08-01T00:00:00Z,0,0,0,0,0,10038.188,10571
1963-09-01T00:00:00Z,0,0,0,0,0,10038.188,10571
1963-10-01T00:00:00Z,3.0946937,0,246.5,229.69215,15.155598,10038.188,10571
1963-11-01T00:00:00Z,280.9972,0,915.3,38920.777,197.2835,10038.188,10571
1963-12-01T00:00:00Z,1.0000881,0,119.6,43.362396,6.585013,10038.188,10571
1964-01-01T00:00:00Z,172.35316,0,630.60004,23457.197,153.15742,10038.188,10571
1964-02-01T00:00:00Z,0.22778031,0,66.9,5.4224424,2.328614,10038.188,10571
1964-03-01T00:00:00Z,14.595007,0,269.9,1389.0784,37.270344,10038.188,10571
1964-04-01T00:00:00Z,1.4692678,0,341.7,270.95053,16.460575,10038.188,10571
1964-05-01T00:00:00Z,0.92503625,0,583.3,332.08313,18.223148,10038.188,10571
1964-06-01T00:00:00Z,0,0,0,0,0,10038.188,10571
1964-07-01T00:00:00Z,0,0,0,0,0,10038.188,10571
1964-08-01T00:00:00Z,0,0,0,0,0,10038.188,10571
1964-09-01T00:00:00Z,0,0,0,0,0,10038.188,10571
1964-10-01T00:00:00Z,0,0,0,0,0,10038.188,10571
1964-11-01T00:00:00Z,69.58017,0,441.80002,7309.355,85.49477,10038.188,10571
1964-12-01T00:00:00Z,605.8131,0,1345.1,86605.625,294.28833,10038.188,10571
1965-01-01T00:00:00Z,109.98725,0,476.7,10809.16,103.96711,10038.188,10571
1965-02-01T00:00:00Z,0.10363642,0,61.3,3.8230708,1.9552674,10038.188,10571
1965-03-01T00:00:00Z,4.0046844,0,224.2,416.46524,20.40748,10038.188,10571
1965-04-01T00:00:00Z,21.14635,0,650.10004,5015.73,70.821815,10038.188,10571
1965-05-01T00:00:00Z,2.9286683,0,789.5,1552.7135,39.404488,10038.188,10571
1965-06-01T00:00:00Z,0.018589314,0,93.6,1.2406079,1.1138258,10038.188,10571
1965-07-01T00:00:00Z,0,0,0,0,0,10038.188,10571
1965-08-01T00:00:00Z,0,0,0,0,0,10038.188,10571
1965-09-01T00:00:00Z,0,0,0,0,0,10038.188,10571
1965-10-01T00:00:00Z,0,0,0,0,0,10038.188,10571
1965-11-01T00:00:00Z,60.851192,0,450.30002,7027.316,83.82909,10038.188,10571
1965-12-01T00:00:00Z,74.61828,0,421.2,7436.0845,86.232735,10038.188,10571
1966-01-01T00:00:00Z,178.05284,0,657.4,24402.285,156.21231,10038.188,10571
1966-02-01T00:00:00Z,5.600326,0,181.3,291.907,17.085287,10038.188,10571
1966-03-01T00:00:00Z,87.04404,0,585.60004,12692.833,112.662476,10038.188,10571
1966-04-01T00:00:00Z,11.860015,0,589.2,3353.5479,57.909824,10038.188,10571
1966-05-01T00:00:00Z,0.40777248,0,418.80002,105.71741,10.281897,10038.188,10571
1966-06-01T00:00:00Z,0,0,0,0,0,10038.188,10571
1966-07-01T00:00:00Z,0,0,0,0,0,10038.188,10571
1966-08-01T00:00:00Z,0,0,0,0,0,10038.188,10571
1966-09-01T00:00:00Z,0,0,0,0,0,10038.188,10571
1966-10-01T00:00:00Z,0,0,0,0,0,10038.188,10571
1966-11-01T00:00:00Z,138.78687,0,637.60004,20123.84,141.85852,10038.188,10571
1966-12-01T00:00:00Z,107.33836,0,401.9,9764.659,98.81629,10038.188,10571
1967-01-01T00:00:00Z,155.3135,0,597.10004,18322.688,135.36133,10038.188,10571
1967-02-01T00:00:00Z,0.07636666,0,44.4,2.4174337,1.5548098,10038.188,10571
1967-03-01T00:00:00Z,70.02936,0,413,6854.085,82.7894,10038.188,10571
1967-04-01T00:00:00Z,23.804148,0,339.6,2802.2634,52.93641,10038.188,10571
1967-05-01T00:00:00Z,14.185191,0,1049.6,7217.991,84.95876,10038.188,10571
1967-06-01T00:00:00Z,0.11401711,0,296.5,22.740984,4.7687507,10038.188,10571
1967-07-01T00:00:00Z,0,0,0,0,0,10038.188,10571
1967-08-01T00:00:00Z,0,0,0,0,0,10038.188,10571
1967-09-01T00:00:00Z,0,0,0,0,0,10038.188,10571
1967-10-01T00:00:00Z,0.18834572,0,90.200005,8.219328,2.866937,10038.188,10571
1967-11-01T00:00:00Z,1.4897538,0,181.6,80.82603,8.99033,10038.188,10571
1967-12-01T00:00:00Z,6.375511,0,158.8,344.5571,18.562248,10038.188,10571
1968-01-01T00:00:00Z,84.25043,0,429.5,7926.316,89.02986,10038.188,10571
1968-02-01T00:00:00Z,62.29122,0,399,8382.782,91.55754,10038.188,10571
1968-03-01T00:00:00Z,24.839853,0,434.30002,4311.25,65.66011,10038.188,10571
1968-04-01T00:00:00Z,1.8146912,0,373.2,389.43832,19.734192,10038.188,10571
1968-05-01T00:00:00Z,0.6772702,0,469.7,199.56131,14.126617,10038.188,10571
1968-06-01T00:00:00Z,0,0,0,0,0,10038.188,10571
1968-07-01T00:00:00Z,0,0,0,0,0,10038.188,10571
1968-08-01T00:00:00Z,0,0,0,0,0,10038.188,10571
1968-09-01T00:00:00Z,0,0,0,0,0,10038.188,10571
1968-10-01T00:00:00Z,0.27196774,0,70.700005,9.568992,3.0933785,10038.188,10571
1968-11-01T00:00:00Z,88.37913,0,449.5,9308.96,96.48295,10038.188,10571
1968-12-01T00:00:00Z,174.6086,0,544.8,16642.518,129.00589,10038.188,10571
1969-01-01T00:00:00Z,110.83514,0,513.5,12487.347,111.746796,10038.188,10571
1969-02-01T00:00:00Z,61.70252,0,346,4652.909,68.212234,10038.188,10571
1969-03-01T00:00:00Z,28.727173,0,257.80002,2937.1348,54.19534,10038.188,10571
1969-04-01T00:00:00Z,60.2128,0,571.2,18420.88,135.72354,10038.188,10571
1969-05-01T00:00:00Z,34.185238,0,1171.5,19911.79,141.10913,10038.188,10571
1969-06-01T00:00:00Z,1.3698524,0,689.3,579.10034,24.064503,10038.188,10571
1969-07-01T00:00:00Z,0,0,0,0,0,10038.188,10571
1969-08-01T00:00:00Z,0,0,0,0,0,10038.188,10571
1969-09-01T00:00:00Z,0,0,0,0,0,10038.188,10571
1969-10-01T00:00:00Z,0.9099902,0,144.1,55.45703,7.446948,10038.188,10571
1969-11-01T00:00:00Z,0.4564933,0,105.3,22.745161,4.769189,10038.188,10571
1969-12-01T00:00:00Z,230.4162,0,603.4,25901.193,160.93848,10038.188,10571
1970-01-01T00:00:00Z,475.5436,0,1227.9,69014.836,262.70676,10038.188,10571
1970-02-01T00:00:00Z,1.7941712,0,158.40001,110.39651,10.506974,10038.188,10571
1970-03-01T00:00:00Z,3.3228862,0,243.8,431.02524,20.761147,10038.188,10571
1970-04-01T00:00:00Z,2.2090979,0,317.9,426.58298,20.653885,10038.188,10571
1970-05-01T00:00:00Z,2.8955114,0,925.2,1451.6826,38.100952,10038.188,10571
1970-06-01T00:00:00Z,0,0,0,0,0,10038.188,10571
1970-07-01T00:00:00Z,0,0,0,0,0,10038.188,10571
1970-08-01T00:00:00Z,0,0,0,0,0,10038.188,10571
1970-09-01T00:00:00Z,0,0,0,0,0,10038.188,10571
1970-10-01T00:00:00Z,0.060024105,0,62.600002,2.1644404,1.4712037,10038.188,10571
1970-11-01T00:00:00Z,332.90027,0,998,46592.516,215.853,10038.188,10571
1970-12-01T00:00:00Z,187.53357,0,549.9,17631.32,132.78299,10038.188,10571
1971-01-01T00:00:00Z,93.112015,0,461.7,10294.646,101.46254,10038.188,10571
1971-02-01T00:00:00Z,4.1762486,0,163.6,224.36906,14.978954,10038.188,10571
1971-03-01T00:00:00Z,140.86563,0,642.8,16270.078,127.554214,10038.188,10571
1971-04-01T00:00:00Z,28.734293,0,557.9,7394.522,85.9914,10038.188,10571
1971-05-01T00:00:00Z,12.122493,0,871.9,5297.1436,72.78148,10038.188,10571
1971-06-01T00:00:00Z,0.6846384,0,517.4,214.11063,14.63252,10038.188,10571
1971-07-01T00:00:00Z,0,0,0,0,0,10038.188,10571
1971-08-01T00:00:00Z,0,0,0,0,0,10038.188,10571
1971-09-01T00:00:00Z,0.001016393,0,8.1,0.00788334,0.088788174,10038.188,10571
1971-10-01T00:00:00Z,0.004356891,0,28.2,0.07583638,0.27538407,10038.188,10571
1971-11-01T00:00:00Z,104.483986,0,520.7,13257.773,115.1424,10038.188,10571
1971-12-01T00:00:00Z,90.72671,0,440.2,8582.452,92.641525,10038.188,10571
1972-01-01T00:00:00Z,89.038666,0,514.3,12663.311,112.53138,10038.188,10571
1972-02-01T00:00:00Z,85.43605,0,417.4,7706.0557,87.78414,10038.188,10571
1972-03-01T00:00:00Z,163.2075,0,865.8,31515.387,177.52574,10038.188,10571
1972-04-01T00:00:00Z,12.991177,0,484.7,2937.0232,54.19431,10038.188,10571
1972-05-01T00:00:00Z,3.5252197,0,941.7,1822.1592,42.686756,10038.188,10571
1972-06-01T00:00:00Z,0,0,0,0,0,10038.188,10571
1972-07-01T00:00:00Z,0,0,0,0,0,10038.188,10571
1972-08-01T00:00:00Z,0,0,0,0,0,10038.188,10571
1972-09-01T00:00:00Z,0,0,0,0,0,10038.188,10571
1972-10-01T00:00:00Z,0,0,0,0,0,10038.188,10571
1972-11-01T00:00:00Z,5.9998574,0,296.4,504.58008,22.46286,10038.188,10571
1972-12-01T00:00:00Z,51.544617,0,381.9,5110.894,71.49052,10038.188,10571
1973-01-01T00:00:00Z,74.22403,0,386.6,6167.7847,78.53525,10038.188,10571
1973-02-01T00:00:00Z,36.235077,0,256,3344.8782,57.834923,10038.188,10571
1973-03-01T00:00:00Z,32.32461,0,316.1,3793.3618,61.590275,10038.188,10571
1973-04-01T00:00:00Z,17.232395,0,469.4,4565.8467,67.57105,10038.188,10571
1973-05-01T00:00:00Z,4.257064,0,950.9,2008.976,44.8216,10038.188,10571
1973-06-01T00:00:00Z,0,0,0,0,0,10038.188,10571
1973-07-01T00:00:00Z,0,0,0,0,0,10038.188,10571
1973-08-01T00:00:00Z,0,0,0,0,0,10038.188,10571
1973-09-01T00:00:00Z,0.006113859,0,8.6,0.03979092,0.19947661,10038.188,10571
1973-10-01T00:00:00Z,8.848491,0,360.7,791.86804,28.14015,10038.188,10571
1973-11-01T00:00:00Z,693.3718,0,1475.7001,103320.57,321.43518,10038.188,10571
1973-12-01T00:00:00Z,216.82817,0,651,25324.543,159.13687,10038.188,10571
1974-01-01T00:00:00Z,113.8885,0,460.4,12183.705,110.37982,10038.188,10571
1974-02-01T00:00:00Z,55.30771,0,332.30002,4690.8223,68.48958,10038.188,10571
1974-03-01T00:00:00Z,154.39244,0,687.4,24468.875,156.42531,10038.188,10571
1974-04-01T00:00:00Z,18.247375,0,475,4794.697,69.24375,10038.188,10571
1974-05-01T00:00:00Z,8.695777,0,874.2,3977.9258,63.0708,10038.188,10571
1974-06-01T00:00:00Z,1.453246,0,856.60004,720.43445,26.84091,10038.188,10571
1974-07-01T00:00:00Z,0,0,0,0,0,10038.188,10571
1974-08-01T00:00:00Z,0,0,0,0,0,10038.188,10571
1974-09-01T00:00:00Z,0,0,0,0,0,10038.188,10571
1974-10-01T00:00:00Z,0,0,0,0,0,10038.188,10571
1974-11-01T00:00:00Z,0.33521208,0,124.9,23.113443,4.8076444,10038.188,10571
1974-12-01T00:00:00Z,94.01125,0,376.2,7806.4336,88.35403,10038.188,10571
1975-01-01T00:00:00Z,16.321503,0,224.5,1069.1819,32.698345,10038.188,10571
1975-02-01T00:00:00Z,149.5497,0,537.5,14248.02,119.36507,10038.188,10571
1975-03-01T00:00:00Z,209.00156,0,654.5,21940.8,148.12428,10038.188,10571
1975-04-01T00:00:00Z,21.295181,0,389.7,3823.6775,61.83589,10038.188,10571
1975-05-01T00:00:00Z,22.556973,0,989.5,11196.85,105.81516,10038.188,10571
1975-06-01T00:00:00Z,0.7505477,0,539.9,243.81836,15.614684,10038.188,10571
1975-07-01T00:00:00Z,0,0,0,0,0,10038.188,10571
1975-08-01T00:00:00Z,0,0,0,0,0,10038.188,10571
1975-09-01T00:00:00Z,0,0,0,0,0,10038.188,10571
1975-10-01T00:00:00Z,36.488197,0,465.4,3944.001,62.80128,10038.188,10571
1975-11-01T00:00:00Z,20.724497,0,261.2,1450.8237,38.08968,10038.188,10571
1975-12-01T00:00:00Z,20.411907,0,220.3,1253.8518,35.40977,10038.188,10571
1976-01-01T00:00:00Z,1.7063838,0,131.90001,93.466446,9.667805,10038.188,10571
1976-02-01T00:00:00Z,62.34343,0,297.7,4409.2603,66.40226,10038.188,10571
1976-03-01T00:00:00Z,1.9487439,0,177.6,115.09907,10.728423,10038.188,10571
1976-04-01T00:00:00Z,2.3458247,0,335.7,428.91742,20.710321,10038.188,10571
1976-05-01T00:00:00Z,0.65673774,0,488.6,201.9779,14.211893,10038.188,10571
1976-06-01T00:00:00Z,0,0,0,0,0,10038.188,10571
1976-07-01T00:00:00Z,0,0,0,0,0,10038.188,10571
1976-08-01T00:00:00Z,0,0,0,0,0,10038.188,10571
1976-09-01T00:00:00Z,0,0,0,0,0,10038.188,10571
1976-10-01T00:00:00Z,0,0,0,0,0,10038.188,10571
1976-11-01T00:00:00Z,0,0,0,0,0,10038.188,10571
1976-12-01T00:00:00Z,0,0,0,0,0,10038.188,10571
1977-01-01T00:00:00Z,0.05207492,0,35,0.9598316,0.97971,10038.188,10571
1977-02-01T00:00:00Z,1.229539,0,129.8,60.410072,7.772392,10038.188,10571
1977-03-01T00:00:00Z,3.48423,0,146.90001,167.9979,12.9614,10038.188,10571
1977-04-01T00:00:00Z,0.25596565,0,197,35.570625,5.9641113,10038.188,10571
1977-05-01T00:00:00Z,0.02785676,0,35.2,0.7499924,0.866021,10038.188,10571
1977-06-01T00:00:00Z,0,0,0,0,0,10038.188,10571
1977-07-01T00:00:00Z,0,0,0,0,0,10038.188,10571
1977-08-01T00:00:00Z,0,0,0,0,0,10038.188,10571
1977-09-01T00:00:00Z,1.7437844,0,187.8,115.28717,10.737186,10038.188,10571
1977-10-01T00:00:00Z,0.6998808,0,140.90001,42.286892,6.502837,10038.188,10571
1977-11-01T00:00:00Z,134.83664,0,616.3,16651.336,129.04005,10038.188,10571
1977-12-01T00:00:00Z,200.68575,0,651.4,24601.2,156.8477,10038.188,10571
1978-01-01T00:00:00Z,178.21107,0,653.7,22102.2,148.66808,10038.188,10571
1978-02-01T00:00:00Z,65.163864,0,353.4,5515.343,74.26536,10038.188,10571
1978-03-01T00:00:00Z,3.973521,0,404.7,692.1067,26.30792,10038.188,10571
1978-04-01T00:00:00Z,25.512262,0,522.9,2458.308,49.58133,10038.188,10571
1978-05-01T00:00:00Z,0.3085416,0,385.5,71.740456,8.469974,10038.188,10571
1978-06-01T00:00:00Z,0,0,0,0,0,10038.188,10571
1978-07-01T00:00:00Z,0,0,0,0,0,10038.188,10571
1978-08-01T00:00:00Z,0,0,0,0,0,10038.188,10571
1978-09-01T00:00:00Z,0.002080859,0,14.900001,0.028167378,0.16783139,10038.188,10571
1978-10-01T00:00:00Z,0,0,0,0,0,10038.188,10571
1978-11-01T00:00:00Z,0.04280387,0,41,0.96947694,0.9846202,10038.188,10571
1978-12-01T00:00:00Z,0.78110075,0,100.5,35.27672,5.9394207,10038.188,10571
1979-01-01T00:00:00Z,15.102173,0,232,985.56836,31.393763,10038.188,10571
1979-02-01T00:00:00Z,107.311195,0,529.7,10493.503,102.4378,10038.188,10571
1979-03-01T00:00:00Z,11.932447,0,341.80002,1804.586,42.48042,10038.188,10571
1979-04-01T00:00:00Z,5.511271,0,501.1,1405.7592,37.493454,10038.188,10571
1979-05-01T00:00:00Z,0.68496096,0,445.6,185.01744,13.602112,10038.188,10571
1979-06-01T00:00:00Z,0,0,0,0,0,10038.188,10571
1979-07-01T00:00:00Z,0,0,0,0,0,10038.188,10571
1979-08-01T00:00:00Z,0,0,0,0,0,10038.188,10571
1979-09-01T00:00:00Z,0,0,0,0,0,10038.188,10571
1979-10-01T00:00:00Z,22.315407,0,349,2087.7097,45.691463,10038.188,10571
1979-11-01T00:00:00Z,74.20535,0,415.1,6295.699,79.34544,10038.188,10571
1979-12-01T00:00:00Z,47.45678,0,361.5,4205.3857,64.848946,10038.188,10571
1980-01-01T00:00:00Z,14.369028,0,218.90001,840.02295,28.983149,10038.188,10571
1980-02-01T00:00:00Z,80.30742,0,462.9,8199.84,90.55297,10038.188,10571
1980-03-01T00:00:00Z,15.089357,0,250.8,1076.1519,32.804752,10038.188,10571
1980-04-01T00:00:00Z,2.4236515,0,521.8,740.04364,27.203743,10038.188,10571
1980-05-01T00:00:00Z,0.11229058,0,232.40001,17.379211,4.168838,10038.188,10571
1980-06-01T00:00:00Z,0,0,0,0,0,10038.188,10571
1980-07-01T00:00:00Z,0,0,0,0,0,10038.188,10571
1980-08-01T00:00:00Z,0,0,0,0,0,10038.188,10571
1980-09-01T00:00:00Z,0,0,0,0,0,10038.188,10571
1980-10-01T00:00:00Z,0,0,0,0,0,10038.188,10571
1980-11-01T00:00:00Z,4.970824,0,189.2,341.12564,18.469587,10038.188,10571
1980-12-01T00:00:00Z,83.468864,0,413,7580.0405,87.06343,10038.188,10571
1981-01-01T00:00:00Z,44.581894,0,292,3014.0115,54.900013,10038.188,10571
1981-02-01T00:00:00Z,21.473244,0,248,1546.2108,39.321888,10038.188,10571
1981-03-01T00:00:00Z,10.101156,0,277.1,826.3051,28.745523,10038.188,10571
1981-04-01T00:00:00Z,0.9194385,0,423,263.2919,16.226273,10038.188,10571
1981-05-01T00:00:00Z,0.031170234,0,62.8,1.195719,1.0934894,10038.188,10571
1981-06-01T00:00:00Z,0,0,0,0,0,10038.188,10571
1981-07-01T00:00:00Z,0,0,0,0,0,10038.188,10571
1981-08-01T00:00:00Z,0,0,0,0,0,10038.188,10571
1981-09-01T00:00:00Z,0,0,0,0,0,10038.188,10571
1981-10-01T00:00:00Z,26.017036,0,347.2,2875.737,53.6259,10038.188,10571
1981-11-01T00:00:00Z,223.12044,0,772.2,23216.135,152.36842,10038.188,10571
1981-12-01T00:00:00Z,405.22934,0,1056.9,54457.664,233.36166,10038.188,10571
1982-01-01T00:00:00Z,16.263477,0,238.3,1159.4514,34.05072,10038.188,10571
1982-02-01T00:00:00Z,55.026386,0,340,4293.551,65.52519,10038.188,10571
1982-03-01T00:00:00Z,74.9404,0,423.1,7798.9087,88.31143,10038.188,10571
1982-04-01T00:00:00Z,102.259605,0,677.8,16036.605,126.63572,10038.188,10571
1982-05-01T00:00:00Z,6.715791,0,964.3,3500.6006,59.165874,10038.188,10571
1982-06-01T00:00:00Z,0.017666524,0,88.4,1.123171,1.0597976,10038.188,10571
1982-07-01T00:00:00Z,0,0,0,0,0,10038.188,10571
1982-08-01T00:00:00Z,0,0,0,0,0,10038.188,10571
1982-09-01T00:00:00Z,0,0,0,0,0,10038.188,10571
1982-10-01T00:00:00Z,9.016298,0,262.6,678.05676,26.039524,10038.188,10571
1982-11-01T00:00:00Z,79.30034,0,412.7,7627.255,87.33415,10038.188,10571
1982-12-01T00:00:00Z,221.42665,0,571.10004,20086.787,141.72786,10038.188,10571
1983-01-01T00:00:00Z,97.28605,0,347,7694.248,87.716866,10038.188,10571
1983-02-01T00:00:00Z,260.7362,0,784,32670.883,180.75089,10038.188,10571
1983-03-01T00:00:00Z,226.61342,0,790.5,28897.775,169.99345,10038.188,10571
1983-04-01T00:00:00Z,11.7846985,0,444.7,3058.019,55.29936,10038.188,10571
1983-05-01T00:00:00Z,10.575555,0,1063.6,6125.494,78.26553,10038.188,10571
1983-06-01T00:00:00Z,0.40357602,0,499.7,116.9368,10.813732,10038.188,10571
1983-07-01T00:00:00Z,0,0,0,0,0,10038.188,10571
1983-08-01T00:00:00Z,0.37536398,0,208.7,55.25599,7.4334373,10038.188,10571
1983-09-01T00:00:00Z,0,0,0,0,0,10038.188,10571
1983-10-01T00:00:00Z,0.03154165,0,40.7,1.0049175,1.0024557,10038.188,10571
1983-11-01T00:00:00Z,211.4561,0,748.9,27900.195,167.03351,10038.188,10571
1983-12-01T00:00:00Z,375.00394,0,792.7,38948.707,197.35426,10038.188,10571
1984-01-01T00:00:00Z,0.034044184,0,34.5,1.0328183,1.0162767,10038.188,10571
1984-02-01T00:00:00Z,54.623333,0,321.80002,4364.878,66.06722,10038.188,10571
1984-03-01T00:00:00Z,19.457544,0,428.80002,2544.1252,50.439323,10038.188,10571
1984-04-01T00:00:00Z,3.565617,0,414.5,764.25775,27.645212,10038.188,10571
1984-05-01T00:00:00Z,2.2056022,0,868.8,1115.8301,33.404045,10038.188,10571
1984-06-01T00:00:00Z,0,0,0,0,0,10038.188,10571
1984-07-01T00:00:00Z,0,0,0,0,0,10038.188,10571
1984-08-01T00:00:00Z,0,0,0,0,0,10038.188,10571
1984-09-01T00:00:00Z,0,0,0,0,0,10038.188,10571
1984-10-01T00:00:00Z,2.6362395,0,201.8,171.87337,13.110048,10038.188,10571
1984-11-01T00:00:00Z,372.44336,0,845.3,45021.883,212.18361,10038.188,10571
1984-12-01T00:00:00Z,0.80763453,0,78,19.692722,4.4376483,10038.188,10571
1985-01-01T00:00:00Z,3.79E-04,0,4.8,0.00102792,0.032061197,10038.188,10571
1985-02-01T00:00:00Z,6.4720135,0,161.2,354.23785,18.821207,10038.188,10571
1985-03-01T00:00:00Z,13.409003,0,186.7,843.8993,29.049944,10038.188,10571
1985-04-01T00:00:00Z,2.4742723,0,514,742.717,27.252834,10038.188,10571
1985-05-01T00:00:00Z,0.45398688,0,432.7,123.39863,11.108494,10038.188,10571
1985-06-01T00:00:00Z,0,0,0,0,0,10038.188,10571
1985-07-01T00:00:00Z,0,0,0,0,0,10038.188,10571
1985-08-01T00:00:00Z,0,0,0,0,0,10038.188,10571
1985-09-01T00:00:00Z,0,0,0,0,0,10038.188,10571
1985-10-01T00:00:00Z,0.98272973,0,164.90001,60.40558,7.7721024,10038.188,10571
1985-11-01T00:00:00Z,4.54893,0,135.7,225.19194,15.006397,10038.188,10571
1985-12-01T00:00:00Z,1.7303902,0,101.1,66.76265,8.170841,10038.188,10571
1986-01-01T00:00:00Z,83.39803,0,432.5,8153.796,90.29837,10038.188,10571
1986-02-01T00:00:00Z,368.18945,0,918.9,44830.605,211.73239,10038.188,10571
1986-03-01T00:00:00Z,26.8321,0,508.6,2803.419,52.947323,10038.188,10571
1986-04-01T00:00:00Z,1.3257866,0,457.2,414.71854,20.36464,10038.188,10571
1986-05-01T00:00:00Z,0.43819976,0,258.2,46.13036,6.7919335,10038.188,10571
1986-06-01T00:00:00Z,0,0,0,0,0,10038.188,10571
1986-07-01T00:00:00Z,0,0,0,0,0,10038.188,10571
1986-08-01T00:00:00Z,0,0,0,0,0,10038.188,10571
1986-09-01T00:00:00Z,0.5683441,0,161.3,51.57011,7.1812334,10038.188,10571
1986-10-01T00:00:00Z,0.27118054,0,113.700005,16.245718,4.0305977,10038.188,10571
1986-11-01T00:00:00Z,13.139087,0,279.30002,1110.2153,33.319893,10038.188,10571
1986-12-01T00:00:00Z,6.072354,0,157.3,298.88257,17.288221,10038.188,10571
1987-01-01T00:00:00Z,44.653286,0,305.1,3086.4905,55.55619,10038.188,10571
1987-02-01T00:00:00Z,11.031279,0,186.2,751.1589,27.407278,10038.188,10571
1987-03-01T00:00:00Z,67.62901,0,448.7,7430.6074,86.20097,10038.188,10571
1987-04-01T00:00:00Z,1.9769394,0,537.10004,678.6798,26.051485,10038.188,10571
1987-05-01T00:00:00Z,0.004725222,0,23.800001,0.0939449,0.30650434,10038.188,10571
1987-06-01T00:00:00Z,0,0,0,0,0,10038.188,10571
1987-07-01T00:00:00Z,0,0,0,0,0,10038.188,10571
1987-08-01T00:00:00Z,0,0,0,0,0,10038.188,10571
1987-09-01T00:00:00Z,0,0,0,0,0,10038.188,10571
1987-10-01T00:00:00Z,0,0,0,0,0,10038.188,10571
1987-11-01T00:00:00Z,2.140837,0,166.2,108.66231,10.424122,10038.188,10571
1987-12-01T00:00:00Z,242.60052,0,662.5,26337.225,162.28748,10038.188,10571
1988-01-01T00:00:00Z,73.01823,0,387.30002,6320.8257,79.503624,10038.188,10571
1988-02-01T00:00:00Z,0.035884414,0,40,1.0645924,1.0317909,10038.188,10571
1988-03-01T00:00:00Z,4.8709817,0,262.2,539.04584,23.21736,10038.188,10571
1988-04-01T00:00:00Z,4.8879075,0,559.8,1391.6722,37.305122,10038.188,10571
1988-05-01T00:00:00Z,0.6433279,0,401.4,169.14261,13.005484,10038.188,10571
1988-06-01T00:00:00Z,0,0,0,0,0,10038.188,10571
1988-07-01T00:00:00Z,0,0,0,0,0,10038.188,10571
1988-08-01T00:00:00Z,0,0,0,0,0,10038.188,10571
1988-09-01T00:00:00Z,0,0,0,0,0,10038.188,10571
1988-10-01T00:00:00Z,0,0,0,0,0,10038.188,10571
1988-11-01T00:00:00Z,221.1459,0,827.60004,33647.64,183.43294,10038.188,10571
1988-12-01T00:00:00Z,17.91384,0,197.1,1015.1647,31.861649,10038.188,10571
1989-01-01T00:00:00Z,6.89968,0,161.90001,402.05844,20.051395,10038.188,10571
1989-02-01T00:00:00Z,0.44680312,0,85.6,16.19779,4.0246477,10038.188,10571
1989-03-01T00:00:00Z,198.29056,0,787.2,27331.943,165.32376,10038.188,10571
1989-04-01T00:00:00Z,9.793771,0,723.4,3237.1685,56.89612,10038.188,10571
1989-05-01T00:00:00Z,0.64080185,0,489.4,192.19951,13.863604,10038.188,10571
1989-06-01T00:00:00Z,0,0,0,0,0,10038.188,10571
1989-07-01T00:00:00Z,0,0,0,0,0,10038.188,10571
1989-08-01T00:00:00Z,0,0,0,0,0,10038.188,10571
1989-09-01T00:00:00Z,0,0,0,0,0,10038.188,10571
1989-10-01T00:00:00Z,0.24938226,0,115.3,18.67974,4.3220067,10038.188,10571
1989-11-01T00:00:00Z,0.09096244,0,76.5,6.0340223,2.4564247,10038.188,10571
1989-12-01T00:00:00Z,0.06669349,0,56.9,2.8071253,1.6754478,10038.188,10571
1990-01-01T00:00:00Z,97.8538,0,448.7,9505.628,97.49681,10038.188,10571
1990-02-01T00:00:00Z,13.029393,0,198.1,808.2011,28.428879,10038.188,10571
1990-03-01T00:00:00Z,19.363552,0,366.7,3001.3018,54.784138,10038.188,10571
1990-04-01T00:00:00Z,3.2147686,0,615.3,1093.4742,33.067722,10038.188,10571
1990-05-01T00:00:00Z,0.99606484,0,248.90001,99.061295,9.952954,10038.188,10571
1990-06-01T00:00:00Z,0,0,0,0,0,10038.188,10571
1990-07-01T00:00:00Z,0,0,0,0,0,10038.188,10571
1990-08-01T00:00:00Z,0,0,0,0,0,10038.188,10571
1990-09-01T00:00:00Z,0,0,0,0,0,10038.188,10571
1990-10-01T00:00:00Z,0.018916091,0,33.5,0.40629283,0.63741106,10038.188,10571
1990-11-01T00:00:00Z,0.565254,0,97.5,24.126118,4.9118342,10038.188,10571
1990-12-01T00:00:00Z,0.60135716,0,67.1,17.018394,4.1253357,10038.188,10571
1991-01-01T00:00:00Z,8.902597,0,219.3,667.73444,25.840557,10038.188,10571
1991-02-01T00:00:00Z,1.0187671,0,136.8,49.43096,7.0307155,10038.188,10571
1991-03-01T00:00:00Z,74.952286,0,323.80002,6130.4478,78.29717,10038.188,10571
1991-04-01T00:00:00Z,2.4433885,0,407.5,526.0673,22.936157,10038.188,10571
1991-05-01T00:00:00Z,0.5723318,0,364.6,138.64182,11.774626,10038.188,10571
1991-06-01T00:00:00Z,0,0,0,0,0,10038.188,10571
1991-07-01T00:00:00Z,0,0,0,0,0,10038.188,10571
1991-08-01T00:00:00Z,0,0,0,0,0,10038.188,10571
1991-09-01T00:00:00Z,0,0,0,0,0,10038.188,10571
1991-10-01T00:00:00Z,0,0,0,0,0,10038.188,10571
1991-11-01T00:00:00Z,1.1832278,0,123.6,67.283325,8.2026415,10038.188,10571
1991-12-01T00:00:00Z,0.33089563,0,79.3,12.087548,3.476715,10038.188,10571
1992-01-01T00:00:00Z,2.4385724,0,121.1,111.27863,10.548869,10038.188,10571
1992-02-01T00:00:00Z,35.227253,0,300,2534.2158,50.340996,10038.188,10571
1992-03-01T00:00:00Z,1.5069658,0,336.30002,261.54898,16.172476,10038.188,10571
1992-04-01T00:00:00Z,4.690816,0,237.1,382.83075,19.566061,10038.188,10571
1992-05-01T00:00:00Z,0,0,0,0,0,10038.188,10571
1992-06-01T00:00:00Z,0,0,0,0,0,10038.188,10571
1992-07-01T00:00:00Z,0,0,0,0,0,10038.188,10571
1992-08-01T00:00:00Z,0,0,0,0,0,10038.188,10571
1992-09-01T00:00:00Z,0,0,0,0,0,10038.188,10571
1992-10-01T00:00:00Z,0.011301815,0,55.100002,0.4525633,0.67272824,10038.188,10571
1992-11-01T00:00:00Z,12.329488,0,271.80002,860.2527,29.330065,10038.188,10571
1992-12-01T00:00:00Z,156.88466,0,544.3,15279.599,123.61067,10038.188,10571
1993-01-01T00:00:00Z,69.96253,0,383.30002,5945.888,77.10959,10038.188,10571
1993-02-01T00:00:00Z,25.96305,0,252.8,1643.6782,40.5423,10038.188,10571
1993-03-01T00:00:00Z,95.13997,0,687.3,22752.03,150.83775,10038.188,10571
1993-04-01T00:00:00Z,92.66639,0,841.2,18962.504,137.7044,10038.188,10571
1993-05-01T00:00:00Z,15.7752285,0,1232.7001,7591.2393,87.127716,10038.188,10571
1993-06-01T00:00:00Z,0,0,0,0,0,10038.188,10571
1993-07-01T00:00:00Z,0,0,0,0,0,10038.188,10571
1993-08-01T00:00:00Z,0,0,0,0,0,10038.188,10571
1993-09-01T00:00:00Z,0,0,0,0,0,10038.188,10571
1993-10-01T00:00:00Z,0,0,0,0,0,10038.188,10571
1993-11-01T00:00:00Z,0.002059053,0,15.8,0.03217162,0.17936449,10038.188,10571
1993-12-01T00:00:00Z,74.92583,0,352.30002,6773.222,82.29959,10038.188,10571
1994-01-01T00:00:00Z,24.440191,0,243.6,1734.6442,41.64906,10038.188,10571
1994-02-01T00:00:00Z,17.425177,0,164.8,1017.8411,31.903624,10038.188,10571
1994-03-01T00:00:00Z,1.9851298,0,228.8,186.68677,13.663337,10038.188,10571
1994-04-01T00:00:00Z,2.4372003,0,525,771.5624,27.777012,10038.188,10571
1994-05-01T00:00:00Z,0.024225337,0,83.6,1.5553547,1.2471386,10038.188,10571
1994-06-01T00:00:00Z,0,0,0,0,0,10038.188,10571
1994-07-01T00:00:00Z,0,0,0,0,0,10038.188,10571
1994-08-01T00:00:00Z,0,0,0,0,0,10038.188,10571
1994-09-01T00:00:00Z,0,0,0,0,0,10038.188,10571
1994-10-01T00:00:00Z,0,0,0,0,0,10038.188,10571
1994-11-01T00:00:00Z,85.19072,0,467.1,9341.469,96.651276,10038.188,10571
1994-12-01T00:00:00Z,46.541874,0,300.6,3397.2534,58.28596,10038.188,10571
1995-01-01T00:00:00Z,470.71368,0,1142.4,63963.355,252.90977,10038.188,10571
1995-02-01T00:00:00Z,5.027719,0,210.90001,497.5688,22.30625,10038.188,10571
1995-03-01T00:00:00Z,240.25172,0,755.3,27112.916,164.66,10038.188,10571
1995-04-01T00:00:00Z,32.865643,0,700.4,7649.065,87.45893,10038.188,10571
1995-05-01T00:00:00Z,9.300492,0,997,5163.4033,71.85683,10038.188,10571
1995-06-01T00:00:00Z,0.6553847,0,583.7,218.01341,14.765278,10038.188,10571
1995-07-01T00:00:00Z,0,0,0,0,0,10038.188,10571
1995-08-01T00:00:00Z,0,0,0,0,0,10038.188,10571
1995-09-01T00:00:00Z,0,0,0,0,0,10038.188,10571
1995-10-01T00:00:00Z,0,0,0,0,0,10038.188,10571
1995-11-01T00:00:00Z,3.6737964,0,255.7,339.00638,18.412127,10038.188,10571
1995-12-01T00:00:00Z,334.79926,0,771.3,40148.113,200.36993,10038.188,10571
1996-01-01T00:00:00Z,183.30066,0,598,19496.615,139.63028,10038.188,10571
1996-02-01T00:00:00Z,134.8631,0,533.8,13575.426,116.513626,10038.188,10571
1996-03-01T00:00:00Z,8.554924,0,327.4,935.2529,30.581905,10038.188,10571
1996-04-01T00:00:00Z,27.616335,0,671.2,3743.3691,61.18308,10038.188,10571
1996-05-01T00:00:00Z,0.8500492,0,518.5,261.3491,16.166294,10038.188,10571
1996-06-01T00:00:00Z,0,0,0,0,0,10038.188,10571
1996-07-01T00:00:00Z,0,0,0,0,0,10038.188,10571
1996-08-01T00:00:00Z,0,0,0,0,0,10038.188,10571
1996-09-01T00:00:00Z,0,0,0,0,0,10038.188,10571
1996-10-01T00:00:00Z,0.93476677,0,172.1,68.355125,8.267715,10038.188,10571
1996-11-01T00:00:00Z,64.875046,0,392.1,6221.782,78.87827,10038.188,10571
1996-12-01T00:00:00Z,532.9196,0,1048.6,56812.035,238.35275,10038.188,10571
1997-01-01T00:00:00Z,142.91945,0,501.4,13399.558,115.75646,10038.188,10571
1997-02-01T00:00:00Z,2.0722532,0,133.90001,109.23978,10.451783,10038.188,10571
1997-03-01T00:00:00Z,7.5791016,0,320.6,1227.7755,35.039627,10038.188,10571
1997-04-01T00:00:00Z,7.8425684,0,555.7,2222.3716,47.142036,10038.188,10571
1997-05-01T00:00:00Z,1.2060554,0,641.5,467.93585,21.631824,10038.188,10571
1997-06-01T00:00:00Z,0,0,0,0,0,10038.188,10571
1997-07-01T00:00:00Z,0,0,0,0,0,10038.188,10571
1997-08-01T00:00:00Z,0,0,0,0,0,10038.188,10571
1997-09-01T00:00:00Z,0.001614864,0,12.7,0.019844487,0.14087047,10038.188,10571
1997-10-01T00:00:00Z,17.200075,0,303.5,1588.8009,39.859764,10038.188,10571
1997-11-01T00:00:00Z,27.236115,0,283.30002,1840.6654,42.902977,10038.188,10571
1997-12-01T00:00:00Z,7.3825035,0,147.7,380.0949,19.496023,10038.188,10571
1998-01-01T00:00:00Z,345.9318,0,840.8,39605.99,199.01254,10038.188,10571
1998-02-01T00:00:00Z,246.4686,0,637.5,24348.219,156.03915,10038.188,10571
1998-03-01T00:00:00Z,59.366352,0,482.5,7576.5117,87.04316,10038.188,10571
1998-04-01T00:00:00Z,5.2494097,0,423.4,1199.1683,34.62901,10038.188,10571
1998-05-01T00:00:00Z,4.2518387,0,769.7,1986.818,44.573734,10038.188,10571
1998-06-01T00:00:00Z,0.13421644,0,344.9,30.25404,5.500367,10038.188,10571
1998-07-01T00:00:00Z,0,0,0,0,0,10038.188,10571
1998-08-01T00:00:00Z,0,0,0,0,0,10038.188,10571
1998-09-01T00:00:00Z,0,0,0,0,0,10038.188,10571
1998-10-01T00:00:00Z,0.004580054,0,29.800001,0.11970774,0.34598807,10038.188,10571
1998-11-01T00:00:00Z,344.2561,0,950,50083.92,223.79437,10038.188,10571
1998-12-01T00:00:00Z,45.0718,0,321.80002,3615.0083,60.12494,10038.188,10571
1999-01-01T00:00:00Z,45.806496,0,349.7,4161.7896,64.51193,10038.188,10571
1999-02-01T00:00:00Z,202.04573,0,652.2,23221.822,152.38708,10038.188,10571
1999-03-01T00:00:00Z,68.73985,0,387.6,7735.439,87.95135,10038.188,10571
1999-04-01T00:00:00Z,25.468716,0,522.5,6773.8657,82.3035,10038.188,10571
1999-05-01T00:00:00Z,14.879292,0,966.3,7171.211,84.683,10038.188,10571
1999-06-01T00:00:00Z,0.75156444,0,636.60004,280.10904,16.736458,10038.188,10571
1999-07-01T00:00:00Z,0,0,0,0,0,10038.188,10571
1999-08-01T00:00:00Z,0,0,0,0,0,10038.188,10571
1999-09-01T00:00:00Z,0,0,0,0,0,10038.188,10571
1999-10-01T00:00:00Z,0,0,0,0,0,10038.188,10571
1999-11-01T00:00:00Z,50.62414,0,340.1,4611.884,67.91085,10038.188,10571
1999-12-01T00:00:00Z,3.5401587,0,131.1,169.47226,13.018151,10038.188,10571
2000-01-01T00:00:00Z,188.67967,0,644.9,21039.854,145.05121,10038.188,10571
2000-02-01T00:00:00Z,125.22397,0,521,13572.985,116.50316,10038.188,10571
2000-03-01T00:00:00Z,2.3277378,0,222.3,248.34258,15.758889,10038.188,10571
2000-04-01T00:00:00Z,3.0426724,0,587.8,1045.7236,32.33765,10038.188,10571
2000-05-01T00:00:00Z,0.19195423,0,242.40001,29.29751,5.4127173,10038.188,10571
2000-06-01T00:00:00Z,0,0,0,0,0,10038.188,10571
2000-07-01T00:00:00Z,0,0,0,0,0,10038.188,10571
2000-08-01T00:00:00Z,0,0,0,0,0,10038.188,10571
2000-09-01T00:00:00Z,0,0,0,0,0,10038.188,10571
2000-10-01T00:00:00Z,1.1261963,0,155.7,64.86216,8.053704,10038.188,10571
2000-11-01T00:00:00Z,0.71314657,0,164.8,49.577763,7.0411477,10038.188,10571
2000-12-01T00:00:00Z,1.380065,0,145.2,68.46877,8.274586,10038.188,10571
2001-01-01T00:00:00Z,0.47336954,0,79,15.844037,3.9804568,10038.188,10571
2001-02-01T00:00:00Z,6.648415,0,132.90001,322.86572,17.968466,10038.188,10571
2001-03-01T00:00:00Z,2.0724924,0,288.30002,273.99472,16.552786,10038.188,10571
2001-04-01T00:00:00Z,0.6122092,0,335.30002,145.95923,12.081359,10038.188,10571
2001-05-01T00:00:00Z,0,0,0,0,0,10038.188,10571
2001-06-01T00:00:00Z,0,0,0,0,0,10038.188,10571
2001-07-01T00:00:00Z,0,0,0,0,0,10038.188,10571
2001-08-01T00:00:00Z,0,0,0,0,0,10038.188,10571
2001-09-01T00:00:00Z,0,0,0,0,0,10038.188,10571
2001-10-01T00:00:00Z,0.003263911,0,12.8,0.027352815,0.16538687,10038.188,10571
2001-11-01T00:00:00Z,97.090355,0,445.6,10217.1,101.07967,10038.188,10571
2001-12-01T00:00:00Z,163.4862,0,472.7,13943.24,118.0815,10038.188,10571
2002-01-01T00:00:00Z,54.16089,0,332.5,4282.826,65.443306,10038.188,10571
2002-02-01T00:00:00Z,34.672394,0,305.7,3370.3877,58.05504,10038.188,10571
2002-03-01T00:00:00Z,8.797351,0,313.80002,1159.6052,34.05298,10038.188,10571
2002-04-01T00:00:00Z,5.5119767,0,594.10004,1592.067,39.900715,10038.188,10571
2002-05-01T00:00:00Z,0.3667847,0,337.6,74.54434,8.633906,10038.188,10571
2002-06-01T00:00:00Z,0,0,0,0,0,10038.188,10571
2002-07-01T00:00:00Z,0,0,0,0,0,10038.188,10571
2002-08-01T00:00:00Z,0,0,0,0,0,10038.188,10571
2002-09-01T00:00:00Z,0,0,0,0,0,10038.188,10571
2002-10-01T00:00:00Z,0,0,0,0,0,10038.188,10571
2002-11-01T00:00:00Z,0.15417811,0,84.5,8.839406,2.9731138,10038.188,10571
2002-12-01T00:00:00Z,359.05917,0,683.2,37419.734,193.44182,10038.188,10571
2003-01-01T00:00:00Z,97.869705,0,535.2,12138.954,110.17692,10038.188,10571
2003-02-01T00:00:00Z,4.6777377,0,152.6,244.35359,15.631814,10038.188,10571
2003-03-01T00:00:00Z,29.56974,0,402.80002,2959.1885,54.398422,10038.188,10571
2003-04-01T00:00:00Z,80.50268,0,477.30002,6733.303,82.05671,10038.188,10571
2003-05-01T00:00:00Z,1.5118012,0,718.9,647.25885,25.441282,10038.188,10571
2003-06-01T00:00:00Z,0,0,0,0,0,10038.188,10571
2003-07-01T00:00:00Z,0,0,0,0,0,10038.188,10571
2003-08-01T00:00:00Z,0,0,0,0,0,10038.188,10571
2003-09-01T00:00:00Z,0,0,0,0,0,10038.188,10571
2003-10-01T00:00:00Z,0,0,0,0,0,10038.188,10571
2003-11-01T00:00:00Z,5.82106,0,204.40001,318.12177,17.835968,10038.188,10571
2003-12-01T00:00:00Z,287.87827,0,748.9,32295.34,179.70905,10038.188,10571
2004-01-01T00:00:00Z,53.284218,0,335.2,4188.8755,64.72152,10038.188,10571
2004-02-01T00:00:00Z,105.59278,0,397.7,9202.448,95.92939,10038.188,10571
2004-03-01T00:00:00Z,12.92398,0,436.6,2824.1204,53.142452,10038.188,10571
2004-04-01T00:00:00Z,6.639821,0,623.10004,2018.9408,44.932625,10038.188,10571
2004-05-01T00:00:00Z,0.51041543,0,400.2,129.96992,11.400435,10038.188,10571
2004-06-01T00:00:00Z,0,0,0,0,0,10038.188,10571
2004-07-01T00:00:00Z,0,0,0,0,0,10038.188,10571
2004-08-01T00:00:00Z,0,0,0,0,0,10038.188,10571
2004-09-01T00:00:00Z,0,0,0,0,0,10038.188,10571
2004-10-01T00:00:00Z,0.8501292,0,144.5,48.573643,6.969479,10038.188,10571
2004-11-01T00:00:00Z,0.029168356,0,37.7,0.6662295,0.8162288,10038.188,10571
2004-12-01T00:00:00Z,116.95453,0,410,9711.977,98.54936,10038.188,10571
2005-01-01T00:00:00Z,9.593581,0,165.2,527.4729,22.966778,10038.188,10571
2005-02-01T00:00:00Z,0.18787865,0,141.6,17.801474,4.219179,10038.188,10571
2005-03-01T00:00:00Z,38.668694,0,465.4,3271.678,57.198586,10038.188,10571
2005-04-01T00:00:00Z,15.550384,0,579.7,1660.3811,40.747772,10038.188,10571
2005-05-01T00:00:00Z,0.09559839,0,106.6,7.1110253,2.6666505,10038.188,10571
2005-06-01T00:00:00Z,0,0,0,0,0,10038.188,10571
2005-07-01T00:00:00Z,0,0,0,0,0,10038.188,10571
2005-08-01T00:00:00Z,0,0,0,0,0,10038.188,10571
2005-09-01T00:00:00Z,0,0,0,0,0,10038.188,10571
2005-10-01T00:00:00Z,0.02199618,0,48.2,0.5662797,0.7525156,10038.188,10571
2005-11-01T00:00:00Z,71.360634,0,528.9,7212.9785,84.92925,10038.188,10571
2005-12-01T00:00:00Z,292.60785,0,666.3,29233.227,170.97726,10038.188,10571
2006-01-01T00:00:00Z,169.98492,0,565.8,16947.969,130.18437,10038.188,10571
2006-02-01T00:00:00Z,13.3830805,0,194.90001,907.4024,30.123121,10038.188,10571
2006-03-01T00:00:00Z,123.19206,0,412.6,10331.064,101.641846,10038.188,10571
2006-04-01T00:00:00Z,11.056168,0,484.2,2831.9067,53.215664,10038.188,10571
2006-05-01T00:00:00Z,2.8788714,0,879.9,1322.8368,36.370823,10038.188,10571
2006-06-01T00:00:00Z,0,0,0,0,0,10038.188,10571
2006-07-01T00:00:00Z,0,0,0,0,0,10038.188,10571
2006-08-01T00:00:00Z,0,0,0,0,0,10038.188,10571
2006-09-01T00:00:00Z,0,0,0,0,0,10038.188,10571
2006-10-01T00:00:00Z,0,0,0,0,0,10038.188,10571
2006-11-01T00:00:00Z,159.87448,0,705.4,23410.264,153.00414,10038.188,10571
2006-12-01T00:00:00Z,180.38768,0,585.4,19381.994,139.21924,10038.188,10571
2007-01-01T00:00:00Z,0.36483446,0,85.4,15.225001,3.9019227,10038.188,10571
2007-02-01T00:00:00Z,96.9827,0,354.4,7134.535,84.46618,10038.188,10571
2007-03-01T00:00:00Z,3.8333216,0,394.2,696.6491,26.394112,10038.188,10571
2007-04-01T00:00:00Z,1.1375825,0,560.2,397.1861,19.92953,10038.188,10571
2007-05-01T00:00:00Z,0,0,0,0,0,10038.188,10571
2007-06-01T00:00:00Z,0,0,0,0,0,10038.188,10571
2007-07-01T00:00:00Z,0,0,0,0,0,10038.188,10571
2007-08-01T00:00:00Z,0,0,0,0,0,10038.188,10571
2007-09-01T00:00:00Z,0,0,0,0,0,10038.188,10571
2007-10-01T00:00:00Z,6.2830315,0,252.5,482.5526,21.967081,10038.188,10571
2007-11-01T00:00:00Z,41.519394,0,433.9,4471.5596,66.86972,10038.188,10571
2007-12-01T00:00:00Z,79.45286,0,372.4,6627.495,81.409424,10038.188,10571
2008-01-01T00:00:00Z,70.407745,0,387.30002,5684.5923,75.39623,10038.188,10571
2008-02-01T00:00:00Z,21.526747,0,200.8,1417.2712,37.646664,10038.188,10571
2008-03-01T00:00:00Z,35.63291,0,371,5279.329,72.65899,10038.188,10571
2008-04-01T00:00:00Z,14.282018,0,446.6,3566.8257,59.722908,10038.188,10571
2008-05-01T00:00:00Z,1.8537215,0,619.60004,670.66864,25.897272,10038.188,10571
2008-06-01T00:00:00Z,0,0,0,0,0,10038.188,10571
2008-07-01T00:00:00Z,0,0,0,0,0,10038.188,10571
2008-08-01T00:00:00Z,0,0,0,0,0,10038.188,10571
2008-09-01T00:00:00Z,0,0,0,0,0,10038.188,10571
2008-10-01T00:00:00Z,0,0,0,0,0,10038.188,10571
2008-11-01T00:00:00Z,40.56931,0,373,4194.303,64.76344,10038.188,10571
2008-12-01T00:00:00Z,133.2664,0,553.4,15073.202,122.77297,10038.188,10571
2009-01-01T00:00:00Z,0.96556556,0,95.1,39.2895,6.2681336,10038.188,10571
2009-02-01T00:00:00Z,52.973183,0,286,4147.837,64.4037,10038.188,10571
2009-03-01T00:00:00Z,36.865887,0,421.6,4110.2085,64.11091,10038.188,10571
2009-04-01T00:00:00Z,4.172369,0,458.9,1054.1108,32.46707,10038.188,10571
2009-05-01T00:00:00Z,0.6580528,0,397.5,173.80254,13.183418,10038.188,10571
2009-06-01T00:00:00Z,0,0,0,0,0,10038.188,10571
2009-07-01T00:00:00Z,0,0,0,0,0,10038.188,10571
2009-08-01T00:00:00Z,0,0,0,0,0,10038.188,10571
2009-09-01T00:00:00Z,0,0,0,0,0,10038.188,10571
2009-10-01T00:00:00Z,0.095371775,0,63.8,3.5087695,1.873171,10038.188,10571
2009-11-01T00:00:00Z,18.556469,0,279.7,1288.3302,35.89332,10038.188,10571
2009-12-01T00:00:00Z,11.167676,0,166.6,636.0127,25.219292,10038.188,10571
2010-01-01T00:00:00Z,96.65836,0,353.5,7736.5986,87.95794,10038.188,10571
2010-02-01T00:00:00Z,28.777636,0,307.5,2432.5457,49.320843,10038.188,10571
2010-03-01T00:00:00Z,25.597336,0,362,2356.1047,48.539722,10038.188,10571
2010-04-01T00:00:00Z,31.813608,0,440.5,3096.9473,55.650223,10038.188,10571
2010-05-01T00:00:00Z,1.0756071,0,549.8,400.07812,20.001953,10038.188,10571
2010-06-01T00:00:00Z,0,0,0,0,0,10038.188,10571
2010-07-01T00:00:00Z,0,0,0,0,0,10038.188,10571
2010-08-01T00:00:00Z,0,0,0,0,0,10038.188,10571
2010-09-01T00:00:00Z,0,0,0,0,0,10038.188,10571
2010-10-01T00:00:00Z,0.3361267,0,89.9,15.850816,3.9813082,10038.244,10572
2010-11-01T00:00:00Z,56.394466,0,375.80002,5470.492,73.962776,10038.244,10572
2010-12-01T00:00:00Z,186.68529,0,573.9,19529.916,139.74948,10038.244,10572
